country,date,c1m_school_closing,c2m_workplace_closing,c3m_cancel_public_events,c4m_restrictions_on_gatherings,c5m_close_public_transport,c6m_stay_at_home_requirements,c7m_restrictions_on_internal_movement,c8ev_international_travel_controls,e1_income_support,e2_debt_contract_relief,h1_public_information_campaigns,h2_testing_policy,h3_contact_tracing,h6m_facial_coverings,h7_vaccination_policy,v2a_vaccine_availability__summary,stringency_index,containment_health_index,v2_vaccine_availability__summary,stringency_index_nonvax,stringency_index_vax
United States,2020-01-01,0,0,0,0,0,0,0,0,0,0,0,0,0,0,0,0,0.0,0.0,0,0.0,0.0
United States,2020-01-02,0,0,0,0,0,0,0,0,0,0,0,0,0,0,0,0,0.0,0.0,0,0.0,0.0
United States,2020-01-03,0,0,0,0,0,0,0,0,0,0,0,0,0,0,0,0,0.0,0.0,0,0.0,0.0
United States,2020-01-04,0,0,0,0,0,0,0,0,0,0,0,0,0,0,0,0,0.0,0.0,0,0.0,0.0
United States,2020-01-05,0,0,0,0,0,0,0,0,0,0,0,0,0,0,0,0,0.0,0.0,0,0.0,0.0
United States,2020-01-06,0,0,0,0,0,0,0,0,0,0,0,0,0,0,0,0,0.0,0.0,0,0.0,0.0
United States,2020-01-07,0,0,0,0,0,0,0,0,0,0,0,0,0,0,0,0,0.0,0.0,0,0.0,0.0
United States,2020-01-08,0,0,0,0,0,0,0,0,0,0,0,0,0,0,0,0,0.0,0.0,0,0.0,0.0
United States,2020-01-09,0,0,0,0,0,0,0,0,0,0,0,0,0,0,0,0,0.0,0.0,0,0.0,0.0
United States,2020-01-10,0,0,0,0,0,0,0,0,0,0,0,0,0,0,0,0,0.0,0.0,0,0.0,0.0
United States,2020-01-11,0,0,0,0,0,0,0,0,0,0,0,0,0,0,0,0,0.0,0.0,0,0.0,0.0
United States,2020-01-12,0,0,0,0,0,0,0,0,0,0,0,0,0,0,0,0,0.0,0.0,0,0.0,0.0
United States,2020-01-13,0,0,0,0,0,0,0,0,0,0,0,0,0,0,0,0,0.0,0.0,0,0.0,0.0
United States,2020-01-14,0,0,0,0,0,0,0,0,0,0,0,0,0,0,0,0,0.0,0.0,0,0.0,0.0
United States,2020-01-15,0,0,0,0,0,0,0,0,0,0,0,0,0,0,0,0,0.0,0.0,0,0.0,0.0
United States,2020-01-16,0,0,0,0,0,0,0,0,0,0,0,0,0,0,0,0,0.0,0.0,0,0.0,0.0
United States,2020-01-17,0,0,0,0,0,0,0,0,0,0,0,0,0,0,0,0,0.0,0.0,0,0.0,0.0
United States,2020-01-18,0,0,0,0,0,0,0,0,0,0,0,0,0,0,0,0,0.0,0.0,0,0.0,0.0
United States,2020-01-19,0,0,0,0,0,0,0,0,0,0,0,0,0,0,0,0,0.0,0.0,0,0.0,0.0
United States,2020-01-20,0,0,0,0,0,0,0,0,0,0,0,0,0,0,0,0,0.0,0.0,0,0.0,0.0
United States,2020-01-21,0,0,0,0,0,0,0,0,0,0,0,1,1,0,0,0,0.0,5.95,0,0.0,0.0
United States,2020-01-22,0,0,0,0,0,0,0,0,0,0,0,1,1,0,0,0,0.0,5.95,0,0.0,0.0
United States,2020-01-23,0,0,0,0,0,0,0,0,0,0,0,1,1,0,0,0,0.0,5.95,0,0.0,0.0
United States,2020-01-24,0,0,0,0,0,0,0,0,0,0,0,1,1,0,0,0,0.0,5.95,0,0.0,0.0
United States,2020-01-25,0,0,0,0,0,0,0,0,0,0,0,1,1,0,0,0,0.0,5.95,0,0.0,0.0
United States,2020-01-26,0,0,0,0,0,0,0,0,0,0,0,1,1,0,0,0,0.0,5.95,0,0.0,0.0
United States,2020-01-27,0,0,0,0,0,0,0,0,0,0,0,1,1,0,0,0,0.0,5.95,0,0.0,0.0
United States,2020-01-28,0,0,0,0,0,0,0,0,0,0,0,1,1,0,0,0,0.0,5.95,0,0.0,0.0
United States,2020-01-29,0,0,0,0,0,0,0,0,0,0,0,1,1,0,0,0,0.0,5.95,0,0.0,0.0
United States,2020-01-30,0,0,0,0,0,0,0,0,0,0,0,1,1,0,0,0,0.0,5.95,0,0.0,0.0
United States,2020-01-31,0,0,0,0,0,0,0,0,0,0,0,1,1,0,0,0,0.0,5.95,0,0.0,0.0
United States,2020-02-01,0,0,0,0,0,0,0,0,0,0,0,1,1,0,0,0,0.0,5.95,0,0.0,0.0
United States,2020-02-02,0,0,0,0,0,0,0,2,0,0,0,1,1,0,0,0,5.56,9.52,0,5.56,5.56
United States,2020-02-03,0,0,0,0,0,0,0,2,0,0,0,1,1,0,0,0,5.56,9.52,0,5.56,5.56
United States,2020-02-04,0,0,0,0,0,0,0,2,0,0,0,1,1,0,0,0,5.56,9.52,0,5.56,5.56
United States,2020-02-05,0,0,0,0,0,0,0,2,0,0,0,1,1,0,0,0,5.56,9.52,0,5.56,5.56
United States,2020-02-06,0,0,0,0,0,0,0,2,0,0,0,1,1,0,0,0,5.56,15.48,0,5.56,5.56
United States,2020-02-07,0,0,0,0,0,0,0,2,0,0,0,1,1,0,0,0,5.56,15.48,0,5.56,5.56
United States,2020-02-08,0,0,0,0,0,0,0,2,0,0,0,1,1,0,0,0,5.56,15.48,0,5.56,5.56
United States,2020-02-09,0,0,0,0,0,0,0,2,0,0,0,1,1,0,0,0,5.56,15.48,0,5.56,5.56
United States,2020-02-10,0,0,0,0,0,0,0,2,0,0,0,1,1,0,0,0,5.56,15.48,0,5.56,5.56
United States,2020-02-11,0,0,0,0,0,0,0,3,0,0,0,1,1,0,0,0,8.33,17.26,0,8.33,8.33
United States,2020-02-12,0,0,0,0,0,0,0,3,0,0,0,1,1,0,0,0,8.33,17.26,0,8.33,8.33
United States,2020-02-13,0,0,0,0,0,0,0,3,0,0,0,1,1,0,0,0,8.33,17.26,0,8.33,8.33
United States,2020-02-14,0,0,0,0,0,0,0,3,0,0,0,1,1,0,0,0,8.33,17.26,0,8.33,8.33
United States,2020-02-15,0,0,0,0,0,0,0,3,0,0,0,1,1,0,0,0,8.33,17.26,0,8.33,8.33
United States,2020-02-16,0,0,0,0,0,0,0,3,0,0,0,1,1,0,0,0,8.33,17.26,0,8.33,8.33
United States,2020-02-17,0,0,0,0,0,0,0,3,0,0,0,1,1,0,0,0,8.33,17.26,0,8.33,8.33
United States,2020-02-18,0,0,0,0,0,0,0,3,0,0,0,1,1,0,0,0,8.33,17.26,0,8.33,8.33
United States,2020-02-19,0,0,0,0,0,0,0,3,0,0,0,1,1,0,0,0,8.33,17.26,0,8.33,8.33
United States,2020-02-20,0,0,0,0,0,0,0,3,0,0,0,1,1,0,0,0,8.33,17.26,0,8.33,8.33
United States,2020-02-21,0,0,0,0,0,0,0,3,0,0,0,1,1,0,0,0,8.33,17.26,0,8.33,8.33
United States,2020-02-22,0,0,0,0,0,0,0,3,0,0,0,1,1,0,0,0,8.33,17.26,0,8.33,8.33
United States,2020-02-23,0,0,0,0,0,0,0,3,0,0,0,1,1,0,0,0,8.33,17.26,0,8.33,8.33
United States,2020-02-24,0,0,0,0,0,0,0,3,0,0,0,1,1,0,0,0,8.33,17.26,0,8.33,8.33
United States,2020-02-25,0,0,0,0,0,0,0,3,0,0,0,1,1,0,0,0,8.33,17.26,0,8.33,8.33
United States,2020-02-26,0,0,0,0,0,0,0,3,0,0,0,1,1,0,0,0,8.33,17.26,0,8.33,8.33
United States,2020-02-27,0,0,0,0,0,0,0,3,0,0,0,1,1,0,0,0,8.33,17.26,0,8.33,8.33
United States,2020-02-28,0,0,0,0,0,0,0,3,0,0,0,1,1,0,0,0,8.33,17.26,0,8.33,8.33
United States,2020-02-29,0,0,0,0,0,0,0,3,0,0,0,1,1,0,0,0,8.33,17.26,0,8.33,8.33
United States,2020-03-01,0,0,1,0,0,0,0,3,0,0,0,1,1,0,0,0,11.11,19.05,0,11.11,11.11
United States,2020-03-02,0,0,1,0,0,0,0,3,0,0,0,1,1,0,0,0,11.11,19.05,0,11.11,11.11
United States,2020-03-03,0,0,1,0,0,0,0,3,0,0,0,1,1,0,0,0,11.11,19.05,0,11.11,11.11
United States,2020-03-04,0,0,1,0,0,0,0,3,0,0,0,1,1,0,0,0,11.11,19.05,0,11.11,11.11
United States,2020-03-05,3,0,1,0,0,0,0,3,0,0,0,1,1,0,0,0,20.37,25.0,0,20.37,20.37
United States,2020-03-06,3,0,1,0,0,0,0,3,0,0,0,1,1,0,0,0,20.37,25.0,0,20.37,20.37
United States,2020-03-07,3,0,1,0,0,0,0,3,0,0,0,1,1,0,0,0,20.37,25.0,0,20.37,20.37
United States,2020-03-08,3,0,1,0,0,0,0,3,0,0,0,1,1,0,0,0,20.37,25.0,0,20.37,20.37
United States,2020-03-09,3,0,1,0,0,0,0,3,0,0,0,1,1,0,0,0,20.37,25.0,0,20.37,20.37
United States,2020-03-10,3,0,1,0,0,0,0,3,0,0,0,1,1,1,0,0,20.37,25.89,0,20.37,20.37
United States,2020-03-11,3,0,1,1,0,0,0,3,0,0,0,1,1,1,0,0,21.76,26.79,0,21.76,21.76
United States,2020-03-12,3,0,2,2,0,0,0,3,0,0,0,1,1,1,0,0,30.09,32.14,0,30.09,30.09
United States,2020-03-13,3,0,2,2,0,0,0,3,0,0,0,1,1,1,0,0,30.09,32.14,0,30.09,30.09
United States,2020-03-14,3,0,2,2,0,0,1,3,0,0,0,1,1,1,0,0,35.65,35.71,0,35.65,35.65
United States,2020-03-15,3,0,2,2,0,2,1,3,0,0,0,1,1,1,0,0,41.2,39.29,0,41.2,41.2
United States,2020-03-16,3,0,2,2,0,2,1,3,0,0,2,1,1,1,0,0,52.31,46.43,0,52.31,52.31
United States,2020-03-17,3,0,2,2,1,2,1,3,0,0,2,1,1,1,0,0,55.09,48.21,0,55.09,55.09
United States,2020-03-18,3,0,2,2,1,2,1,3,0,0,2,1,1,1,0,0,55.09,48.21,0,55.09,55.09
United States,2020-03-19,3,3,2,2,1,2,2,3,0,0,2,1,1,1,0,0,67.13,55.95,0,67.13,67.13
United States,2020-03-20,3,3,2,2,1,2,2,3,0,0,2,1,1,1,0,0,67.13,55.95,0,67.13,67.13
United States,2020-03-21,3,3,2,4,1,2,2,3,0,0,2,1,1,1,0,0,72.69,59.52,0,72.69,72.69
United States,2020-03-22,3,3,2,4,1,2,2,3,0,0,2,1,1,1,0,0,72.69,59.52,0,72.69,72.69
United States,2020-03-23,3,3,2,4,1,2,2,3,0,0,2,1,1,1,0,0,72.69,59.52,0,72.69,72.69
United States,2020-03-24,3,3,2,4,1,2,2,3,0,0,2,1,1,1,0,0,72.69,59.52,0,72.69,72.69
United States,2020-03-25,3,3,2,4,1,2,2,3,0,0,2,1,1,1,0,0,72.69,59.52,0,72.69,72.69
United States,2020-03-26,3,3,2,4,1,2,2,3,0,0,2,1,1,1,0,0,72.69,59.52,0,72.69,72.69
United States,2020-03-27,3,3,2,4,1,2,2,3,2,1,2,1,1,1,0,0,72.69,59.52,0,72.69,72.69
United States,2020-03-28,3,3,2,4,1,2,2,3,2,1,2,1,1,1,0,0,72.69,59.52,0,72.69,72.69
United States,2020-03-29,3,3,2,4,1,2,2,3,2,1,2,1,1,1,0,0,72.69,59.52,0,72.69,72.69
United States,2020-03-30,3,3,2,4,1,2,2,3,2,1,2,1,1,1,0,0,72.69,59.52,0,72.69,72.69
United States,2020-03-31,3,3,2,4,1,2,2,3,2,1,2,1,1,1,0,0,72.69,59.52,0,72.69,72.69
United States,2020-04-01,3,3,2,4,1,2,2,3,2,1,2,1,1,1,0,0,72.69,59.52,0,72.69,72.69
United States,2020-04-02,3,3,2,4,1,2,2,3,2,1,2,1,1,1,0,0,72.69,59.52,0,72.69,72.69
United States,2020-04-03,3,3,2,4,1,2,2,3,2,1,2,1,1,1,0,0,72.69,59.52,0,72.69,72.69
United States,2020-04-04,3,3,2,4,1,2,2,3,2,1,2,1,1,4,0,0,72.69,64.88,0,72.69,72.69
United States,2020-04-05,3,3,2,4,1,2,2,3,2,1,2,1,1,4,0,0,72.69,64.88,0,72.69,72.69
United States,2020-04-06,3,3,2,4,1,2,2,3,2,1,2,1,1,4,0,0,72.69,64.88,0,72.69,72.69
United States,2020-04-07,3,3,2,4,1,2,2,3,2,1,2,1,1,4,0,0,72.69,64.88,0,72.69,72.69
United States,2020-04-08,3,3,2,4,1,2,2,3,2,1,2,1,1,4,0,0,72.69,64.88,0,72.69,72.69
United States,2020-04-09,3,3,2,4,1,2,2,3,2,1,2,1,1,4,0,0,72.69,64.88,0,72.69,72.69
United States,2020-04-10,3,3,2,4,1,2,2,3,2,1,2,1,1,4,0,0,72.69,64.88,0,72.69,72.69
United States,2020-04-11,3,3,2,4,1,2,2,3,2,1,2,1,1,4,0,0,72.69,64.88,0,72.69,72.69
United States,2020-04-12,3,3,2,4,1,2,2,3,2,1,2,1,1,4,0,0,72.69,64.88,0,72.69,72.69
United States,2020-04-13,3,3,2,4,1,2,2,3,2,1,2,1,1,4,0,0,72.69,64.88,0,72.69,72.69
United States,2020-04-14,3,3,2,4,1,2,2,3,2,1,2,1,1,4,0,0,72.69,64.88,0,72.69,72.69
United States,2020-04-15,3,3,2,4,1,2,2,3,2,1,2,1,1,4,0,0,72.69,64.88,0,72.69,72.69
United States,2020-04-16,3,3,2,4,1,2,2,3,2,1,2,1,1,4,0,0,72.69,64.88,0,72.69,72.69
United States,2020-04-17,3,3,2,4,1,2,2,3,2,1,2,1,1,4,0,0,72.69,64.88,0,72.69,72.69
United States,2020-04-18,3,3,2,4,1,2,2,3,2,1,2,1,1,4,0,0,72.69,64.88,0,72.69,72.69
United States,2020-04-19,3,3,2,4,1,2,2,3,2,1,2,1,1,4,0,0,72.69,64.88,0,72.69,72.69
United States,2020-04-20,3,3,2,4,1,2,2,3,2,1,2,1,1,4,0,0,72.69,64.88,0,72.69,72.69
United States,2020-04-21,3,3,2,4,1,2,2,3,2,1,2,1,1,4,0,0,72.69,64.88,0,72.69,72.69
United States,2020-04-22,3,3,2,4,1,2,2,3,2,1,2,1,1,4,0,0,72.69,64.88,0,72.69,72.69
United States,2020-04-23,3,3,2,4,1,2,2,3,2,1,2,1,1,4,0,0,72.69,64.88,0,72.69,72.69
United States,2020-04-24,3,3,2,4,1,2,2,3,2,1,2,1,1,4,0,0,72.69,64.88,0,72.69,72.69
United States,2020-04-25,3,3,2,4,1,2,2,3,2,1,2,1,1,4,0,0,72.69,64.88,0,72.69,72.69
United States,2020-04-26,3,3,2,4,1,2,2,3,2,1,2,1,1,4,0,0,72.69,64.88,0,72.69,72.69
United States,2020-04-27,3,3,2,4,1,2,2,3,2,1,2,1,1,4,0,0,72.69,64.88,0,72.69,72.69
United States,2020-04-28,3,3,2,4,1,2,2,3,2,1,2,1,1,4,0,0,72.69,64.88,0,72.69,72.69
United States,2020-04-29,3,3,2,4,1,2,2,3,2,1,2,1,1,4,0,0,72.69,64.88,0,72.69,72.69
United States,2020-04-30,3,3,2,4,1,2,2,3,2,1,2,1,1,4,0,0,72.69,64.88,0,72.69,72.69
United States,2020-05-01,3,3,2,4,1,2,2,3,2,1,2,1,1,4,0,0,72.69,64.88,0,72.69,72.69
United States,2020-05-02,3,3,2,4,1,2,2,3,2,1,2,1,1,4,0,0,72.69,64.88,0,72.69,72.69
United States,2020-05-03,3,3,2,4,1,2,2,3,2,1,2,1,1,4,0,0,72.69,64.88,0,72.69,72.69
United States,2020-05-04,3,3,2,4,1,2,2,3,2,1,2,1,1,4,0,0,72.69,64.88,0,72.69,72.69
United States,2020-05-05,3,3,2,4,1,2,2,3,2,1,2,1,1,4,0,0,72.69,64.88,0,72.69,72.69
United States,2020-05-06,3,3,2,4,1,2,2,3,2,1,2,1,1,4,0,0,72.69,64.88,0,72.69,72.69
United States,2020-05-07,3,3,2,4,1,2,2,3,2,1,2,1,1,4,0,0,72.69,64.88,0,72.69,72.69
United States,2020-05-08,3,3,2,4,1,2,2,3,2,1,2,1,1,4,0,0,72.69,64.88,0,72.69,72.69
United States,2020-05-09,3,3,2,4,1,2,2,3,2,1,2,1,1,4,0,0,72.69,64.88,0,72.69,72.69
United States,2020-05-10,3,3,2,4,1,2,2,3,2,1,2,1,1,4,0,0,72.69,64.88,0,72.69,72.69
United States,2020-05-11,3,3,2,4,1,2,2,3,2,1,2,1,1,4,0,0,72.69,64.88,0,72.69,72.69
United States,2020-05-12,3,3,2,4,1,2,2,3,2,1,2,1,1,4,0,0,72.69,64.88,0,72.69,72.69
United States,2020-05-13,3,3,2,4,1,2,2,3,2,1,2,1,1,4,0,0,72.69,64.88,0,72.69,72.69
United States,2020-05-14,3,3,2,4,1,2,2,3,2,1,2,1,1,4,0,0,72.69,64.88,0,72.69,72.69
United States,2020-05-15,3,3,2,4,1,2,2,3,2,1,2,1,1,4,0,0,72.69,64.88,0,72.69,72.69
United States,2020-05-16,3,3,2,4,1,2,2,3,2,1,2,1,1,4,0,0,72.69,64.88,0,72.69,72.69
United States,2020-05-17,3,3,2,4,1,2,2,3,2,1,2,1,1,4,0,0,72.69,64.88,0,72.69,72.69
United States,2020-05-18,3,3,2,4,1,2,2,3,2,1,2,1,1,4,0,0,72.69,64.88,0,72.69,72.69
United States,2020-05-19,3,3,2,4,1,2,2,3,2,1,2,1,1,4,0,0,72.69,64.88,0,72.69,72.69
United States,2020-05-20,3,3,2,4,1,2,2,3,2,1,2,1,1,4,0,0,72.69,64.88,0,72.69,72.69
United States,2020-05-21,3,3,2,4,1,2,2,3,2,1,2,1,1,4,0,0,72.69,64.88,0,72.69,72.69
United States,2020-05-22,3,3,2,4,1,2,2,3,2,1,2,1,1,4,0,0,72.69,64.88,0,72.69,72.69
United States,2020-05-23,3,3,2,4,1,2,2,3,2,1,2,1,1,4,0,0,72.69,64.88,0,72.69,72.69
United States,2020-05-24,3,3,2,4,1,2,2,3,2,1,2,1,1,4,0,0,72.69,64.88,0,72.69,72.69
United States,2020-05-25,3,3,2,4,1,2,2,3,2,1,2,1,1,4,0,0,72.69,64.88,0,72.69,72.69
United States,2020-05-26,3,3,2,4,1,2,2,3,2,1,2,1,1,4,0,0,72.69,64.88,0,72.69,72.69
United States,2020-05-27,3,3,2,4,1,2,2,3,2,1,2,1,1,4,0,0,72.69,64.88,0,72.69,72.69
United States,2020-05-28,3,3,2,4,1,2,2,3,2,1,2,1,1,4,0,0,72.69,64.88,0,72.69,72.69
United States,2020-05-29,3,3,2,4,1,2,2,3,2,1,2,1,1,4,0,0,72.69,64.88,0,72.69,72.69
United States,2020-05-30,3,3,2,4,1,2,2,3,2,1,2,1,1,4,0,0,72.69,64.88,0,72.69,72.69
United States,2020-05-31,3,3,2,4,1,2,2,3,2,1,2,1,1,4,0,0,72.69,64.88,0,72.69,72.69
United States,2020-06-01,3,3,2,4,1,2,2,3,2,1,2,1,1,4,0,0,72.69,64.88,0,72.69,72.69
United States,2020-06-02,3,3,2,4,1,2,2,3,2,1,2,1,1,4,0,0,72.69,64.88,0,72.69,72.69
United States,2020-06-03,3,3,2,4,1,2,2,3,2,1,2,1,1,4,0,0,72.69,64.88,0,72.69,72.69
United States,2020-06-04,3,3,2,4,1,2,2,3,2,1,2,1,1,4,0,0,72.69,64.88,0,72.69,72.69
United States,2020-06-05,3,3,2,4,1,2,2,3,2,1,2,1,1,4,0,0,72.69,64.88,0,72.69,72.69
United States,2020-06-06,3,3,2,4,1,2,2,3,2,1,2,1,1,4,0,0,72.69,64.88,0,72.69,72.69
United States,2020-06-07,3,3,2,4,1,2,2,3,2,1,2,1,1,4,0,0,72.69,64.88,0,72.69,72.69
United States,2020-06-08,3,3,2,4,1,2,2,3,2,1,2,1,1,4,0,0,72.69,64.88,0,72.69,72.69
United States,2020-06-09,3,3,2,4,1,2,2,3,2,1,2,1,1,4,0,0,72.69,64.88,0,72.69,72.69
United States,2020-06-10,3,3,2,4,1,2,2,3,2,1,2,1,1,4,0,0,72.69,64.88,0,72.69,72.69
United States,2020-06-11,3,3,2,4,1,2,2,3,2,1,2,1,1,4,0,0,72.69,64.88,0,72.69,72.69
United States,2020-06-12,3,3,2,4,1,2,2,3,2,1,2,1,1,4,0,0,72.69,64.88,0,72.69,72.69
United States,2020-06-13,3,3,2,4,1,2,2,3,2,1,2,1,1,4,0,0,72.69,64.88,0,72.69,72.69
United States,2020-06-14,3,3,2,4,1,2,2,3,2,1,2,1,1,4,0,0,72.69,64.88,0,72.69,72.69
United States,2020-06-15,3,2,2,4,1,2,2,3,2,1,2,1,1,4,0,0,68.98,62.5,0,68.98,68.98
United States,2020-06-16,3,2,2,4,1,2,2,3,2,1,2,1,1,4,0,0,68.98,62.5,0,68.98,68.98
United States,2020-06-17,3,2,2,4,1,2,2,3,2,1,2,1,1,4,0,0,68.98,62.5,0,68.98,68.98
United States,2020-06-18,3,2,2,4,1,2,2,3,2,1,2,1,1,4,0,0,68.98,62.5,0,68.98,68.98
United States,2020-06-19,3,2,2,4,1,2,2,3,2,1,2,1,1,4,0,0,68.98,62.5,0,68.98,68.98
United States,2020-06-20,3,2,2,4,1,2,2,3,2,1,2,1,1,4,0,0,68.98,62.5,0,68.98,68.98
United States,2020-06-21,3,2,2,4,1,2,2,3,2,1,2,1,1,4,0,0,68.98,62.5,0,68.98,68.98
United States,2020-06-22,3,2,2,4,1,2,2,3,2,1,2,1,1,4,0,0,68.98,62.5,0,68.98,68.98
United States,2020-06-23,3,2,2,4,1,2,2,3,2,1,2,1,1,4,0,0,68.98,62.5,0,68.98,68.98
United States,2020-06-24,3,2,2,4,1,2,2,3,2,1,2,2,1,4,0,0,68.98,64.88,0,68.98,68.98
United States,2020-06-25,3,2,2,4,1,2,2,3,2,1,2,2,1,4,0,0,68.98,64.88,0,68.98,68.98
United States,2020-06-26,3,2,2,4,1,2,2,3,2,1,2,2,1,4,0,0,68.98,64.88,0,68.98,68.98
United States,2020-06-27,3,2,2,4,1,2,2,3,2,1,2,2,1,4,0,0,68.98,64.88,0,68.98,68.98
United States,2020-06-28,3,2,2,4,1,2,2,3,2,1,2,2,1,4,0,0,68.98,64.88,0,68.98,68.98
United States,2020-06-29,3,2,2,4,1,2,2,3,2,1,2,2,1,4,0,0,68.98,64.88,0,68.98,68.98
United States,2020-06-30,3,2,2,4,1,2,2,3,2,1,2,2,1,4,0,0,68.98,64.88,0,68.98,68.98
United States,2020-07-01,3,2,2,4,1,2,2,3,2,1,2,2,1,4,0,0,68.98,64.88,0,68.98,68.98
United States,2020-07-02,3,2,2,4,1,2,2,3,2,1,2,2,1,4,0,0,68.98,64.88,0,68.98,68.98
United States,2020-07-03,3,2,2,4,1,2,2,3,2,1,2,2,1,4,0,0,68.98,64.88,0,68.98,68.98
United States,2020-07-04,3,2,2,4,1,2,2,3,2,1,2,2,1,4,0,0,68.98,64.88,0,68.98,68.98
United States,2020-07-05,3,2,2,4,1,2,2,3,2,1,2,2,1,4,0,0,68.98,64.88,0,68.98,68.98
United States,2020-07-06,3,2,2,4,1,2,2,3,2,1,2,2,1,4,0,0,68.98,64.88,0,68.98,68.98
United States,2020-07-07,3,2,2,4,1,2,2,3,2,1,2,2,1,4,0,0,68.98,64.88,0,68.98,68.98
United States,2020-07-08,3,2,2,4,1,2,2,3,2,1,2,2,1,4,0,0,68.98,64.88,0,68.98,68.98
United States,2020-07-09,3,2,2,4,1,2,2,3,2,1,2,2,1,4,0,0,68.98,64.88,0,68.98,68.98
United States,2020-07-10,3,2,2,4,1,2,2,3,2,1,2,2,1,4,0,0,68.98,64.88,0,68.98,68.98
United States,2020-07-11,3,2,2,4,1,2,2,3,2,1,2,2,1,4,0,0,68.98,64.88,0,68.98,68.98
United States,2020-07-12,3,2,2,4,1,2,2,3,2,1,2,2,1,4,0,0,68.98,64.88,0,68.98,68.98
United States,2020-07-13,3,2,2,4,1,2,2,3,2,1,2,2,1,4,0,0,68.98,64.88,0,68.98,68.98
United States,2020-07-14,3,2,2,4,1,2,2,3,2,1,2,2,1,4,0,0,68.98,64.88,0,68.98,68.98
United States,2020-07-15,3,2,2,4,1,2,2,3,2,1,2,2,1,4,0,0,68.98,64.88,0,68.98,68.98
United States,2020-07-16,3,2,2,4,1,2,2,3,2,1,2,2,1,4,0,0,68.98,64.88,0,68.98,68.98
United States,2020-07-17,3,2,2,4,1,2,2,3,2,1,2,2,1,4,0,0,68.98,64.88,0,68.98,68.98
United States,2020-07-18,3,2,2,4,1,2,2,3,2,1,2,2,1,4,0,0,68.98,64.88,0,68.98,68.98
United States,2020-07-19,3,2,2,4,1,2,2,3,2,1,2,2,1,4,0,0,68.98,64.88,0,68.98,68.98
United States,2020-07-20,3,2,2,4,1,2,2,3,2,1,2,2,1,4,0,0,68.98,64.88,0,68.98,68.98
United States,2020-07-21,3,2,2,4,1,2,2,3,2,1,2,2,1,4,0,0,68.98,64.88,0,68.98,68.98
United States,2020-07-22,3,2,2,4,1,2,2,3,2,1,2,2,1,4,0,0,68.98,64.88,0,68.98,68.98
United States,2020-07-23,3,2,2,4,1,2,2,3,2,1,2,2,1,4,0,0,68.98,64.88,0,68.98,68.98
United States,2020-07-24,3,2,2,4,1,2,2,3,2,1,2,2,1,4,0,0,68.98,64.88,0,68.98,68.98
United States,2020-07-25,3,2,2,4,1,2,2,3,2,1,2,2,1,4,0,0,68.98,64.88,0,68.98,68.98
United States,2020-07-26,3,2,2,4,1,2,2,3,2,1,2,2,1,4,0,0,68.98,64.88,0,68.98,68.98
United States,2020-07-27,3,2,2,4,1,2,2,3,2,1,2,2,1,4,0,0,68.98,64.88,0,68.98,68.98
United States,2020-07-28,3,2,2,4,1,2,2,3,2,1,2,2,1,4,0,0,68.98,64.88,0,68.98,68.98
United States,2020-07-29,3,2,2,4,1,2,2,3,2,1,2,2,1,4,0,0,68.98,64.88,0,68.98,68.98
United States,2020-07-30,3,2,2,4,1,2,2,3,2,1,2,2,1,4,0,0,68.98,64.88,0,68.98,68.98
United States,2020-07-31,3,2,2,4,1,2,2,3,2,1,2,2,1,4,0,0,68.98,64.88,0,68.98,68.98
United States,2020-08-01,3,2,2,4,1,2,2,3,2,1,2,2,1,4,0,0,68.98,64.88,0,68.98,68.98
United States,2020-08-02,3,2,2,4,1,2,2,3,2,1,2,2,1,4,0,0,68.98,64.88,0,68.98,68.98
United States,2020-08-03,3,2,2,4,1,2,2,3,2,1,2,2,1,4,0,0,68.98,64.88,0,68.98,68.98
United States,2020-08-04,3,2,2,4,1,2,2,3,2,1,2,2,1,4,0,0,68.98,64.88,0,68.98,68.98
United States,2020-08-05,3,2,2,4,1,2,2,3,2,1,2,2,1,4,0,0,68.98,64.88,0,68.98,68.98
United States,2020-08-06,3,2,2,4,1,2,2,3,2,1,2,2,1,4,0,0,68.98,64.88,0,68.98,68.98
United States,2020-08-07,3,2,2,4,1,2,2,3,2,1,2,2,1,4,0,0,68.98,64.88,0,68.98,68.98
United States,2020-08-08,3,2,2,4,1,2,2,3,2,1,2,2,1,4,0,0,68.98,64.88,0,68.98,68.98
United States,2020-08-09,3,2,2,4,1,2,2,3,2,1,2,2,1,4,0,0,68.98,64.88,0,68.98,68.98
United States,2020-08-10,3,2,2,4,1,2,2,3,2,1,2,2,1,4,0,0,68.98,64.88,0,68.98,68.98
United States,2020-08-11,3,2,2,4,1,2,2,3,2,1,2,2,1,4,0,0,68.98,64.88,0,68.98,68.98
United States,2020-08-12,3,2,2,4,1,2,2,3,2,1,2,2,1,4,0,0,68.98,64.88,0,68.98,68.98
United States,2020-08-13,3,2,2,4,1,2,2,3,2,1,2,2,1,4,0,0,68.98,64.88,0,68.98,68.98
United States,2020-08-14,3,2,2,4,1,2,2,3,2,1,2,2,1,4,0,0,68.98,64.88,0,68.98,68.98
United States,2020-08-15,3,2,2,4,1,2,2,3,2,1,2,2,1,4,0,0,68.98,64.88,0,68.98,68.98
United States,2020-08-16,3,2,2,4,1,2,2,3,2,1,2,2,1,4,0,0,68.98,64.88,0,68.98,68.98
United States,2020-08-17,3,2,2,4,1,2,2,3,2,1,2,2,1,4,0,0,68.98,64.88,0,68.98,68.98
United States,2020-08-18,3,2,2,4,1,2,2,3,2,1,2,2,1,4,0,0,68.98,64.88,0,68.98,68.98
United States,2020-08-19,3,2,2,4,1,2,2,3,2,1,2,2,1,4,0,0,68.98,64.88,0,68.98,68.98
United States,2020-08-20,3,2,2,4,1,2,2,3,2,1,2,2,1,4,0,0,68.98,64.88,0,68.98,68.98
United States,2020-08-21,3,2,2,4,1,2,2,3,2,1,2,2,1,4,0,0,68.98,64.88,0,68.98,68.98
United States,2020-08-22,3,2,2,4,1,2,2,3,2,1,2,2,1,4,0,0,68.98,64.88,0,68.98,68.98
United States,2020-08-23,3,2,2,4,1,2,2,3,2,1,2,2,1,4,0,0,68.98,64.88,0,68.98,68.98
United States,2020-08-24,3,2,2,4,1,2,2,3,2,1,2,2,1,4,0,0,68.98,64.88,0,68.98,68.98
United States,2020-08-25,3,2,2,4,1,2,2,3,2,1,2,2,1,4,0,0,68.98,64.88,0,68.98,68.98
United States,2020-08-26,3,2,2,4,1,2,2,3,2,1,2,2,1,4,0,0,68.98,64.88,0,68.98,68.98
United States,2020-08-27,3,2,2,4,1,2,2,3,2,1,2,2,1,4,0,0,68.98,64.88,0,68.98,68.98
United States,2020-08-28,3,2,2,4,1,2,2,3,2,1,2,2,1,4,0,0,68.98,64.88,0,68.98,68.98
United States,2020-08-29,3,2,2,4,1,2,2,3,2,1,2,2,1,4,0,0,68.98,64.88,0,68.98,68.98
United States,2020-08-30,3,2,2,4,1,2,2,3,2,1,2,2,1,4,0,0,68.98,64.88,0,68.98,68.98
United States,2020-08-31,3,2,2,4,1,2,2,3,2,1,2,2,1,4,0,0,68.98,64.88,0,68.98,68.98
United States,2020-09-01,3,2,2,4,1,2,2,3,2,1,2,2,1,4,0,0,68.98,64.88,0,68.98,68.98
United States,2020-09-02,3,2,2,4,1,2,2,3,2,1,2,2,1,4,0,0,68.98,64.88,0,68.98,68.98
United States,2020-09-03,3,2,2,4,1,2,2,3,2,1,2,2,1,4,0,0,68.98,64.88,0,68.98,68.98
United States,2020-09-04,3,2,2,4,1,2,2,3,2,1,2,2,1,4,0,0,68.98,64.88,0,68.98,68.98
United States,2020-09-05,3,2,2,4,1,2,2,3,2,1,2,2,1,4,0,0,68.98,64.88,0,68.98,68.98
United States,2020-09-06,3,2,2,4,1,2,2,3,2,1,2,2,1,4,0,0,68.98,64.88,0,68.98,68.98
United States,2020-09-07,3,2,2,4,1,2,2,3,2,1,2,2,1,4,0,0,68.98,64.88,0,68.98,68.98
United States,2020-09-08,3,2,2,4,1,2,2,3,2,1,2,2,1,4,0,0,68.98,64.88,0,68.98,68.98
United States,2020-09-09,3,2,2,4,1,2,2,3,2,1,2,2,1,4,0,0,68.98,64.88,0,68.98,68.98
United States,2020-09-10,3,2,2,4,1,2,2,3,2,1,2,2,1,4,0,0,68.98,64.88,0,68.98,68.98
United States,2020-09-11,3,2,2,4,1,2,2,3,2,1,2,2,1,4,0,0,68.98,64.88,0,68.98,68.98
United States,2020-09-12,3,2,2,3,1,2,2,3,2,1,2,2,1,4,0,0,66.2,63.1,0,66.2,66.2
United States,2020-09-13,3,2,2,3,1,2,2,3,2,1,2,2,1,4,0,0,66.2,63.1,0,66.2,66.2
United States,2020-09-14,3,2,2,3,1,2,2,3,2,1,2,2,1,4,0,0,66.2,63.1,0,66.2,66.2
United States,2020-09-15,3,2,2,3,1,2,2,3,2,1,2,2,1,4,0,0,66.2,63.1,0,66.2,66.2
United States,2020-09-16,3,2,2,3,1,2,2,3,2,1,2,2,1,4,0,0,66.2,63.1,0,66.2,66.2
United States,2020-09-17,3,2,2,3,1,2,2,3,2,1,2,2,1,4,0,0,66.2,61.9,0,66.2,66.2
United States,2020-09-18,3,2,2,3,1,2,2,3,2,1,2,2,1,4,0,0,66.2,61.9,0,66.2,66.2
United States,2020-09-19,3,2,2,3,1,2,2,3,2,1,2,2,1,4,0,0,66.2,61.9,0,66.2,66.2
United States,2020-09-20,3,2,2,3,1,2,2,3,2,1,2,2,1,4,0,0,66.2,61.9,0,66.2,66.2
United States,2020-09-21,3,2,2,3,1,2,2,3,2,1,2,2,1,4,0,0,66.2,61.9,0,66.2,66.2
United States,2020-09-22,3,2,2,3,1,2,2,3,2,1,2,2,1,4,0,0,66.2,61.9,0,66.2,66.2
United States,2020-09-23,3,2,2,3,1,2,2,3,2,1,2,2,1,4,0,0,66.2,61.9,0,66.2,66.2
United States,2020-09-24,3,2,2,3,1,2,2,3,2,1,2,2,1,4,0,0,66.2,61.9,0,66.2,66.2
United States,2020-09-25,3,2,2,3,1,2,2,3,2,1,2,2,1,4,0,0,66.2,61.9,0,66.2,66.2
United States,2020-09-26,3,2,2,3,1,2,2,3,2,1,2,2,1,4,0,0,66.2,61.9,0,66.2,66.2
United States,2020-09-27,3,2,2,3,1,2,2,3,2,1,2,2,1,4,0,0,66.2,61.9,0,66.2,66.2
United States,2020-09-28,3,2,2,3,1,2,2,3,2,1,2,2,1,4,0,0,66.2,61.9,0,66.2,66.2
United States,2020-09-29,3,2,2,3,1,2,2,3,2,1,2,2,1,4,0,0,66.2,61.9,0,66.2,66.2
United States,2020-09-30,3,2,2,3,1,2,2,3,2,1,2,2,1,4,0,0,66.2,61.9,0,66.2,66.2
United States,2020-10-01,3,2,2,3,1,2,2,3,2,1,2,2,1,4,0,0,66.2,61.9,0,66.2,66.2
United States,2020-10-02,3,2,2,3,1,2,2,3,2,1,2,2,1,4,0,0,66.2,61.9,0,66.2,66.2
United States,2020-10-03,3,2,2,3,1,2,2,3,2,1,2,2,1,4,0,0,66.2,61.9,0,66.2,66.2
United States,2020-10-04,3,2,2,3,1,2,2,3,2,1,2,2,1,4,0,0,66.2,61.9,0,66.2,66.2
United States,2020-10-05,3,2,2,3,1,2,2,3,2,1,2,2,1,4,0,0,66.2,61.9,0,66.2,66.2
United States,2020-10-06,3,2,2,3,1,2,2,3,2,1,2,2,1,4,0,0,66.2,61.9,0,66.2,66.2
United States,2020-10-07,3,2,2,3,1,2,2,3,2,1,2,2,1,4,0,0,66.2,61.9,0,66.2,66.2
United States,2020-10-08,3,2,2,3,1,2,2,3,2,1,2,2,1,4,0,0,66.2,61.9,0,66.2,66.2
United States,2020-10-09,3,2,2,3,1,2,2,3,2,1,2,2,1,4,0,0,66.2,61.9,0,66.2,66.2
United States,2020-10-10,3,2,2,3,1,2,2,3,2,1,2,2,1,4,0,0,66.2,61.9,0,66.2,66.2
United States,2020-10-11,3,2,2,3,1,2,2,3,2,1,2,2,1,4,0,0,66.2,61.9,0,66.2,66.2
United States,2020-10-12,3,2,2,3,1,2,2,3,2,1,2,2,1,4,0,0,66.2,61.9,0,66.2,66.2
United States,2020-10-13,3,2,2,3,1,2,2,3,2,1,2,2,1,4,0,0,66.2,61.9,0,66.2,66.2
United States,2020-10-14,3,2,2,3,1,2,2,3,2,1,2,2,1,4,0,0,66.2,61.9,0,66.2,66.2
United States,2020-10-15,3,2,2,3,1,2,2,3,2,1,2,2,1,4,0,0,66.2,61.9,0,66.2,66.2
United States,2020-10-16,3,2,2,3,1,2,2,3,2,1,2,2,1,4,0,0,66.2,61.9,0,66.2,66.2
United States,2020-10-17,3,2,2,3,1,2,2,3,2,1,2,2,1,4,0,0,66.2,61.9,0,66.2,66.2
United States,2020-10-18,3,2,2,3,1,2,2,3,2,1,2,2,1,4,0,0,66.2,61.9,0,66.2,66.2
United States,2020-10-19,3,2,2,3,1,2,2,3,2,1,2,2,1,4,0,0,66.2,61.9,0,66.2,66.2
United States,2020-10-20,3,2,2,3,1,2,2,3,2,1,2,2,1,4,0,0,66.2,61.9,0,66.2,66.2
United States,2020-10-21,3,2,2,3,1,2,2,3,2,1,2,2,1,4,0,0,66.2,61.9,0,66.2,66.2
United States,2020-10-22,3,2,2,3,1,2,2,3,2,1,2,2,1,4,0,0,66.2,61.9,0,66.2,66.2
United States,2020-10-23,3,2,2,3,1,2,2,3,2,1,2,2,1,4,0,0,66.2,61.9,0,66.2,66.2
United States,2020-10-24,3,2,2,3,1,2,2,3,2,1,2,2,1,4,0,0,66.2,61.9,0,66.2,66.2
United States,2020-10-25,3,2,2,3,1,2,2,3,2,1,2,2,1,4,0,0,66.2,61.9,0,66.2,66.2
United States,2020-10-26,3,2,2,3,1,2,2,3,2,1,2,2,1,4,0,0,66.2,61.9,0,66.2,66.2
United States,2020-10-27,3,2,2,3,1,2,2,3,2,1,2,2,1,4,0,0,66.2,61.9,0,66.2,66.2
United States,2020-10-28,3,2,2,3,1,2,2,3,2,1,2,2,1,4,0,0,66.2,61.9,0,66.2,66.2
United States,2020-10-29,3,2,2,3,1,2,2,3,2,1,2,2,1,4,0,0,66.2,61.9,0,66.2,66.2
United States,2020-10-30,3,2,2,3,1,2,2,3,2,1,2,2,1,4,0,0,66.2,61.9,0,66.2,66.2
United States,2020-10-31,3,2,2,3,1,2,2,3,2,1,2,2,1,4,0,0,66.2,61.9,0,66.2,66.2
United States,2020-11-01,3,2,2,3,1,2,2,3,2,1,2,2,1,4,0,0,66.2,61.9,0,66.2,66.2
United States,2020-11-02,3,2,2,3,1,2,2,3,2,1,2,2,1,4,0,0,66.2,61.9,0,66.2,66.2
United States,2020-11-03,3,2,2,3,1,2,2,3,2,1,2,2,1,4,0,0,66.2,61.9,0,66.2,66.2
United States,2020-11-04,3,2,2,3,1,2,2,3,2,1,2,2,1,4,0,0,66.2,61.9,0,66.2,66.2
United States,2020-11-05,3,2,2,3,1,2,2,3,2,1,2,2,1,4,0,0,66.2,61.9,0,66.2,66.2
United States,2020-11-06,3,2,2,3,1,2,2,3,2,1,2,2,1,4,0,0,66.2,61.9,0,66.2,66.2
United States,2020-11-07,3,2,2,3,1,2,2,3,2,1,2,2,1,4,0,0,66.2,61.9,0,66.2,66.2
United States,2020-11-08,3,2,2,3,1,2,2,3,2,1,2,2,1,4,0,0,66.2,61.9,0,66.2,66.2
United States,2020-11-09,3,2,2,3,1,2,2,3,2,1,2,2,1,4,0,0,68.98,63.69,0,68.98,68.98
United States,2020-11-10,3,2,2,3,1,2,2,3,2,1,2,2,1,4,0,0,68.98,63.69,0,68.98,68.98
United States,2020-11-11,3,2,2,3,1,2,2,3,2,1,2,2,1,4,0,0,68.98,63.69,0,68.98,68.98
United States,2020-11-12,3,2,2,3,1,2,2,3,2,1,2,2,1,4,0,0,68.98,63.69,0,68.98,68.98
United States,2020-11-13,3,2,2,3,1,2,2,3,2,1,2,2,1,4,0,0,68.98,63.69,0,68.98,68.98
United States,2020-11-14,3,2,2,3,1,2,2,3,2,1,2,2,1,4,0,0,68.98,63.69,0,68.98,68.98
United States,2020-11-15,3,2,2,3,1,2,2,3,2,1,2,2,1,4,0,0,68.98,63.69,0,68.98,68.98
United States,2020-11-16,3,3,2,4,1,2,2,3,2,1,2,2,1,4,0,0,75.46,67.86,0,75.46,75.46
United States,2020-11-17,3,3,2,4,1,2,2,3,2,1,2,2,1,4,0,0,75.46,67.86,0,75.46,75.46
United States,2020-11-18,3,3,2,4,1,2,2,3,2,1,2,2,1,4,0,0,75.46,67.86,0,75.46,75.46
United States,2020-11-19,3,3,2,4,1,2,2,3,2,1,2,2,1,4,0,0,75.46,67.86,0,75.46,75.46
United States,2020-11-20,3,3,2,4,1,2,2,3,2,1,2,2,1,4,0,0,75.46,67.86,0,75.46,75.46
United States,2020-11-21,3,3,2,4,1,2,2,3,2,1,2,2,1,4,0,0,75.46,67.86,0,75.46,75.46
United States,2020-11-22,3,3,2,4,1,2,2,3,2,1,2,2,1,4,0,0,75.46,67.86,0,75.46,75.46
United States,2020-11-23,3,3,2,4,1,2,2,3,2,1,2,2,1,4,0,0,75.46,67.86,0,75.46,75.46
United States,2020-11-24,3,3,2,4,1,2,2,3,2,1,2,2,1,4,0,0,75.46,67.86,0,75.46,75.46
United States,2020-11-25,3,3,2,4,1,2,2,3,2,1,2,2,1,4,0,0,75.46,67.86,0,75.46,75.46
United States,2020-11-26,3,3,2,4,1,2,2,3,2,1,2,2,1,4,0,0,75.46,67.86,0,75.46,75.46
United States,2020-11-27,3,3,2,4,1,2,2,3,2,1,2,2,1,4,0,0,75.46,67.86,0,75.46,75.46
United States,2020-11-28,3,3,2,4,1,2,2,3,2,1,2,2,1,4,0,0,75.46,67.86,0,75.46,75.46
United States,2020-11-29,3,3,2,4,1,2,2,3,2,1,2,2,1,4,0,0,75.46,67.86,0,75.46,75.46
United States,2020-11-30,3,3,2,4,1,2,2,3,2,1,2,2,1,4,0,0,75.46,67.86,0,75.46,75.46
United States,2020-12-01,3,3,2,4,1,2,2,3,2,1,2,2,1,4,0,0,75.46,67.86,0,75.46,75.46
United States,2020-12-02,3,2,2,4,1,2,2,3,2,1,2,2,1,4,0,0,71.76,65.48,0,71.76,71.76
United States,2020-12-03,3,2,2,4,1,2,2,3,2,1,2,2,1,4,0,0,71.76,65.48,0,71.76,71.76
United States,2020-12-04,3,2,2,4,1,2,2,3,2,1,2,2,1,4,0,0,71.76,65.48,0,71.76,71.76
United States,2020-12-05,3,2,2,4,1,2,2,3,2,1,2,2,1,4,0,0,71.76,65.48,0,71.76,71.76
United States,2020-12-06,3,2,2,4,1,2,2,3,2,1,2,2,1,4,0,0,71.76,65.48,0,71.76,71.76
United States,2020-12-07,3,2,2,4,1,2,2,3,2,1,2,2,1,4,0,0,71.76,65.48,0,71.76,71.76
United States,2020-12-08,3,2,2,4,1,2,2,3,2,1,2,2,1,4,0,0,71.76,65.48,0,71.76,71.76
United States,2020-12-09,3,2,2,4,1,2,2,3,2,1,2,2,1,4,0,0,71.76,65.48,0,71.76,71.76
United States,2020-12-10,3,2,2,4,1,2,2,3,2,1,2,2,1,4,0,0,71.76,65.48,0,71.76,71.76
United States,2020-12-11,3,2,2,4,1,2,2,3,2,1,2,2,1,4,0,0,71.76,65.48,0,71.76,71.76
United States,2020-12-12,3,2,2,4,1,2,2,3,2,1,2,2,1,4,0,0,71.76,65.48,0,71.76,71.76
United States,2020-12-13,3,2,2,4,1,2,2,3,2,1,2,2,1,4,0,0,71.76,65.48,0,71.76,71.76
United States,2020-12-14,3,2,2,4,1,2,2,3,2,1,2,2,1,4,1,1,71.76,66.9,1,71.76,71.76
United States,2020-12-15,3,2,2,4,1,2,2,3,2,1,2,3,1,4,1,1,71.76,69.29,1,71.76,71.76
United States,2020-12-16,3,2,2,4,1,2,2,3,2,1,2,3,1,4,1,1,71.76,69.29,1,71.76,71.76
United States,2020-12-17,3,2,2,4,1,2,2,3,2,1,2,3,1,4,1,1,71.76,69.29,1,71.76,71.76
United States,2020-12-18,3,2,2,4,1,2,2,3,2,1,2,3,1,4,1,1,71.76,69.29,1,71.76,71.76
United States,2020-12-19,3,2,2,4,1,2,2,3,2,1,2,3,1,4,1,1,71.76,69.29,1,71.76,71.76
United States,2020-12-20,3,2,2,4,1,2,2,3,2,1,2,3,1,4,1,1,71.76,69.29,1,71.76,71.76
United States,2020-12-21,3,2,2,4,1,2,2,3,2,1,2,3,1,4,1,1,71.76,69.29,1,71.76,71.76
United States,2020-12-22,3,2,2,4,1,2,2,3,2,1,2,3,1,4,1,1,71.76,69.29,1,71.76,71.76
United States,2020-12-23,3,2,2,4,1,2,2,3,2,1,2,3,1,4,1,1,71.76,69.29,1,71.76,71.76
United States,2020-12-24,3,2,2,4,1,2,2,3,2,1,2,3,1,4,1,1,71.76,69.29,1,71.76,71.76
United States,2020-12-25,3,2,2,4,1,2,2,3,2,1,2,3,1,4,1,1,71.76,69.29,1,71.76,71.76
United States,2020-12-26,3,2,2,4,1,2,2,3,2,1,2,3,1,4,1,1,71.76,69.29,1,71.76,71.76
United States,2020-12-27,3,2,2,4,1,2,2,3,2,1,2,3,1,4,1,1,71.76,69.29,1,71.76,71.76
United States,2020-12-28,3,2,2,4,1,2,2,3,2,1,2,3,1,4,1,1,71.76,69.29,1,71.76,71.76
United States,2020-12-29,3,2,2,4,1,2,2,3,2,1,2,3,1,4,1,1,71.76,69.29,1,71.76,71.76
United States,2020-12-30,3,2,2,4,1,2,2,3,2,1,2,3,1,4,1,1,71.76,69.29,1,71.76,71.76
United States,2020-12-31,3,2,2,4,1,2,2,3,2,1,2,3,1,4,1,1,71.76,69.29,1,71.76,71.76
United States,2021-01-01,3,2,2,4,1,2,2,3,2,1,2,3,1,4,1,1,71.76,69.29,1,71.76,71.76
United States,2021-01-02,3,2,2,4,1,2,2,3,2,1,2,3,1,4,1,1,71.76,69.29,1,71.76,71.76
United States,2021-01-03,3,2,2,4,1,2,2,3,2,1,2,3,1,4,1,1,71.76,69.29,1,71.76,71.76
United States,2021-01-04,3,2,2,4,1,2,2,3,2,1,2,3,1,4,1,1,71.76,69.29,1,71.76,71.76
United States,2021-01-05,3,2,2,4,1,2,2,3,2,1,2,3,1,4,1,1,71.76,69.29,1,71.76,71.76
United States,2021-01-06,3,2,2,4,1,2,2,3,2,1,2,3,1,4,1,1,71.76,69.29,1,71.76,71.76
United States,2021-01-07,3,2,2,4,1,2,2,3,2,1,2,3,1,4,1,1,71.76,69.29,1,71.76,71.76
United States,2021-01-08,3,2,2,4,1,2,2,3,2,1,2,3,1,4,1,1,71.76,69.29,1,71.76,71.76
United States,2021-01-09,3,2,2,4,1,2,2,3,2,1,2,3,1,4,1,1,71.76,69.29,1,71.76,71.76
United States,2021-01-10,3,2,2,4,1,2,2,3,2,1,2,3,1,4,1,1,71.76,69.29,1,71.76,71.76
United States,2021-01-11,3,2,2,4,1,2,2,3,2,1,2,3,1,4,1,1,71.76,69.29,1,71.76,71.76
United States,2021-01-12,3,2,2,4,1,2,2,3,2,1,2,3,1,4,1,1,71.76,69.29,1,71.76,71.76
United States,2021-01-13,3,2,2,4,1,2,2,3,2,1,2,3,1,4,1,1,71.76,69.29,1,71.76,71.76
United States,2021-01-14,3,2,2,4,1,2,2,3,2,1,2,3,1,4,1,1,71.76,69.29,1,71.76,71.76
United States,2021-01-15,3,2,2,4,1,2,2,3,2,1,2,3,1,4,1,1,71.76,69.29,1,71.76,71.76
United States,2021-01-16,3,2,2,4,1,2,2,3,2,1,2,3,1,4,1,1,71.76,69.29,1,71.76,71.76
United States,2021-01-17,3,2,2,4,1,2,2,3,2,1,2,3,1,4,1,1,71.76,69.29,1,71.76,71.76
United States,2021-01-18,3,2,2,4,1,2,2,3,2,1,2,3,1,4,1,1,71.76,69.29,1,71.76,71.76
United States,2021-01-19,3,2,2,4,1,2,2,3,2,1,2,3,1,4,1,1,71.76,69.29,1,71.76,71.76
United States,2021-01-20,3,2,2,4,1,2,2,3,2,1,2,3,1,4,1,1,71.76,69.29,1,71.76,71.76
United States,2021-01-21,3,2,2,4,1,2,2,3,2,1,2,3,1,4,1,1,71.76,69.29,1,71.76,71.76
United States,2021-01-22,3,2,2,4,1,2,2,3,2,1,2,3,1,4,1,1,71.76,69.29,1,71.76,71.76
United States,2021-01-23,3,2,2,4,1,2,2,3,2,1,2,3,1,4,1,1,71.76,69.29,1,71.76,71.76
United States,2021-01-24,3,2,2,4,1,2,2,3,2,1,2,3,1,4,1,1,71.76,69.29,1,71.76,71.76
United States,2021-01-25,3,2,2,4,1,2,2,3,2,1,2,3,1,4,1,1,71.76,69.29,1,71.76,71.76
United States,2021-01-26,3,2,2,4,1,2,2,3,2,1,2,3,1,4,1,1,71.76,69.29,1,71.76,71.76
United States,2021-01-27,3,2,2,4,1,2,2,3,2,1,2,3,1,4,1,1,71.76,69.29,1,71.76,71.76
United States,2021-01-28,3,2,2,4,1,2,2,3,2,1,2,3,1,4,1,1,71.76,69.29,1,71.76,71.76
United States,2021-01-29,3,2,2,4,1,2,2,3,2,1,2,3,1,4,1,1,71.76,69.29,1,71.76,71.76
United States,2021-01-30,3,2,2,4,1,2,2,3,2,1,2,3,1,4,1,1,71.76,69.29,1,71.76,71.76
United States,2021-01-31,3,2,2,4,1,2,2,3,2,1,2,3,1,4,1,1,71.76,69.29,1,71.76,71.76
United States,2021-02-01,3,2,2,4,1,2,2,3,2,1,2,3,1,4,1,1,71.76,69.29,1,71.76,71.76
United States,2021-02-02,3,2,2,4,1,2,2,3,2,1,2,3,1,4,1,1,71.76,69.29,1,71.76,71.76
United States,2021-02-03,2,2,2,4,1,2,2,3,2,1,2,3,1,4,1,1,68.06,66.9,1,68.06,68.06
United States,2021-02-04,2,2,2,4,1,2,2,3,2,1,2,3,1,4,1,1,68.06,66.9,1,68.06,68.06
United States,2021-02-05,2,2,2,4,1,2,2,3,2,1,2,3,1,4,1,1,68.06,66.9,1,68.06,68.06
United States,2021-02-06,2,2,2,4,1,2,2,3,2,1,2,3,1,4,1,1,68.06,66.9,1,68.06,68.06
United States,2021-02-07,2,2,2,4,1,2,2,3,2,1,2,3,1,4,1,1,68.06,66.9,1,68.06,68.06
United States,2021-02-08,2,2,2,4,1,2,2,3,2,1,2,3,1,4,1,1,68.06,66.9,1,68.06,68.06
United States,2021-02-09,2,2,2,4,1,2,2,3,2,1,2,3,1,4,1,1,68.06,66.9,1,68.06,68.06
United States,2021-02-10,2,2,2,4,1,2,2,3,2,1,2,3,1,4,1,1,68.06,66.9,1,68.06,68.06
United States,2021-02-11,2,2,2,4,1,2,2,3,2,1,2,3,1,4,1,1,68.06,66.9,1,68.06,68.06
United States,2021-02-12,2,2,2,4,1,2,2,3,2,1,2,3,1,4,1,1,68.06,66.9,1,68.06,68.06
United States,2021-02-13,2,2,2,4,1,2,2,3,2,1,2,3,1,4,1,1,68.06,66.9,1,68.06,68.06
United States,2021-02-14,2,2,2,4,1,2,2,3,2,1,2,3,1,4,1,1,68.06,66.9,1,68.06,68.06
United States,2021-02-15,2,2,2,4,1,2,2,3,2,1,2,3,1,4,1,1,68.06,66.9,1,68.06,68.06
United States,2021-02-16,2,2,2,4,1,2,2,3,2,1,2,3,1,4,1,1,68.06,66.9,1,68.06,68.06
United States,2021-02-17,2,2,2,4,1,2,2,3,2,1,2,3,1,4,1,1,68.06,66.9,1,68.06,68.06
United States,2021-02-18,2,2,2,4,1,2,2,3,2,1,2,3,1,4,1,1,68.06,66.9,1,68.06,68.06
United States,2021-02-19,2,2,2,4,1,2,2,3,2,1,2,3,1,4,1,1,68.06,66.9,1,68.06,68.06
United States,2021-02-20,2,2,2,4,1,2,2,3,2,1,2,3,1,4,1,1,68.06,66.9,1,68.06,68.06
United States,2021-02-21,2,2,2,4,1,2,2,3,2,1,2,3,1,4,1,1,68.06,66.9,1,68.06,68.06
United States,2021-02-22,2,2,2,4,1,2,2,3,2,1,2,3,1,4,1,1,68.06,66.9,1,68.06,68.06
United States,2021-02-23,2,2,2,4,1,2,2,3,2,1,2,3,1,4,1,1,68.06,66.9,1,68.06,68.06
United States,2021-02-24,2,2,2,4,1,2,2,3,2,1,2,3,1,4,1,1,68.06,66.9,1,68.06,68.06
United States,2021-02-25,2,2,2,4,1,2,2,3,2,1,2,3,1,4,1,1,68.06,66.9,1,68.06,68.06
United States,2021-02-26,2,2,2,4,1,2,2,3,2,1,2,3,1,4,1,1,68.06,66.9,1,68.06,68.06
United States,2021-02-27,2,2,2,4,1,2,2,3,2,1,2,3,1,4,2,1,68.06,68.33,1,68.06,68.06
United States,2021-02-28,2,2,2,4,1,2,2,3,2,1,2,3,1,4,2,1,68.06,68.33,1,68.06,68.06
United States,2021-03-01,2,2,2,4,1,2,2,3,2,1,2,3,1,4,2,1,68.06,68.33,1,68.06,68.06
United States,2021-03-02,2,2,2,4,1,2,2,3,2,1,2,3,1,4,2,1,68.06,68.33,1,68.06,68.06
United States,2021-03-03,2,2,2,4,1,2,2,3,2,1,2,3,1,4,2,1,68.06,68.33,1,68.06,68.06
United States,2021-03-04,2,2,2,4,1,1,2,3,2,1,2,3,1,4,2,1,64.35,65.95,1,64.35,64.35
United States,2021-03-05,2,2,2,4,1,1,2,3,2,1,2,3,1,4,2,1,64.35,65.95,1,64.35,64.35
United States,2021-03-06,2,2,2,4,1,1,2,3,2,1,2,3,1,4,2,1,64.35,65.95,1,64.35,64.35
United States,2021-03-07,2,2,2,4,1,1,2,3,2,1,2,3,1,4,2,1,64.35,65.95,1,64.35,64.35
United States,2021-03-08,2,2,2,4,1,1,2,3,2,1,2,3,1,4,2,1,64.35,65.95,1,64.35,64.35
United States,2021-03-09,2,2,2,4,1,1,2,3,2,1,2,3,1,4,2,2,64.35,65.95,2,64.35,64.35
United States,2021-03-10,2,2,2,4,1,1,2,3,2,1,2,3,1,4,2,2,64.35,64.76,2,64.35,64.35
United States,2021-03-11,2,2,2,4,1,1,2,3,2,1,2,3,1,4,2,2,64.35,64.76,2,64.35,64.35
United States,2021-03-12,2,2,2,4,1,1,2,3,2,1,2,3,1,4,2,2,64.35,64.76,2,64.35,64.35
United States,2021-03-13,2,2,2,4,1,1,2,3,2,1,2,3,1,4,2,2,64.35,64.76,2,64.35,64.35
United States,2021-03-14,2,2,2,4,1,1,2,3,2,1,2,3,1,4,2,2,64.35,64.76,2,64.35,64.35
United States,2021-03-15,2,2,2,4,1,1,2,3,2,1,2,3,1,4,2,2,64.35,64.76,2,64.35,64.35
United States,2021-03-16,2,2,2,4,1,1,2,3,2,1,2,3,1,4,2,2,64.35,64.76,2,64.35,64.35
United States,2021-03-17,2,2,2,4,1,1,2,3,2,1,2,3,1,4,2,2,64.35,64.76,2,64.35,64.35
United States,2021-03-18,2,2,2,4,1,1,2,3,2,1,2,3,1,4,2,2,64.35,64.76,2,64.35,64.35
United States,2021-03-19,2,2,2,4,1,1,2,3,2,1,2,3,1,4,2,2,64.35,64.76,2,64.35,64.35
United States,2021-03-20,2,2,2,4,1,1,2,3,2,1,2,3,1,4,2,2,64.35,64.76,2,64.35,64.35
United States,2021-03-21,2,2,2,4,1,1,2,3,2,1,2,3,1,4,2,2,64.35,64.76,2,64.35,64.35
United States,2021-03-22,2,2,2,4,1,1,2,3,2,1,2,3,1,4,2,2,64.35,64.76,2,64.35,64.35
United States,2021-03-23,2,2,1,4,1,1,2,3,2,1,2,3,1,4,2,2,58.8,61.19,2,58.8,58.8
United States,2021-03-24,2,2,1,4,1,1,2,3,2,1,2,3,1,4,2,2,58.8,61.19,2,58.8,58.8
United States,2021-03-25,2,2,1,4,1,1,2,3,2,1,2,3,1,4,2,2,58.8,61.19,2,58.8,58.8
United States,2021-03-26,2,2,1,4,1,1,2,3,2,1,2,3,1,4,2,2,58.8,61.19,2,58.8,58.8
United States,2021-03-27,2,2,1,4,1,1,2,3,2,1,2,3,1,4,2,2,58.8,61.19,2,58.8,58.8
United States,2021-03-28,2,2,1,4,1,1,2,3,2,1,2,3,1,4,2,2,58.8,61.19,2,58.8,58.8
United States,2021-03-29,2,2,1,4,1,1,1,3,2,1,2,3,1,4,2,2,56.02,59.4,2,56.02,56.02
United States,2021-03-30,2,2,1,4,1,1,1,3,2,1,2,3,1,4,3,2,56.02,60.83,2,56.02,56.02
United States,2021-03-31,2,2,1,4,1,1,1,3,2,1,2,3,1,4,3,2,56.02,60.83,2,56.02,56.02
United States,2021-04-01,2,2,1,4,1,1,1,3,2,1,2,3,1,4,3,2,56.02,60.83,2,56.02,56.02
United States,2021-04-02,2,2,1,4,1,1,1,3,2,1,2,3,1,4,3,2,54.87,60.09,2,56.02,50.46
United States,2021-04-03,2,2,1,4,1,1,1,3,2,1,2,3,1,4,3,2,54.85,60.08,2,56.02,50.46
United States,2021-04-04,2,2,1,4,1,1,1,3,2,1,2,3,1,4,3,2,54.84,60.07,2,56.02,50.46
United States,2021-04-05,2,2,1,4,1,1,1,3,2,1,2,3,1,4,3,2,54.81,60.05,2,56.02,50.46
United States,2021-04-06,2,2,1,4,1,1,1,3,2,1,2,3,1,4,3,2,54.78,60.03,2,56.02,50.46
United States,2021-04-07,2,2,1,4,1,1,1,3,2,1,2,3,1,4,3,2,54.74,60.01,2,56.02,50.46
United States,2021-04-08,2,2,1,4,1,1,1,3,2,1,2,3,1,4,3,2,54.7,59.98,2,56.02,50.46
United States,2021-04-09,2,2,1,4,1,1,1,3,2,1,2,3,1,4,3,2,54.66,59.95,2,56.02,50.46
United States,2021-04-10,2,2,1,4,1,1,1,3,2,1,2,3,1,4,3,2,54.63,59.94,2,56.02,50.46
United States,2021-04-11,2,2,1,4,1,1,1,3,2,1,2,3,1,4,3,2,54.61,59.93,2,56.02,50.46
United States,2021-04-12,2,2,1,4,1,1,1,3,2,1,2,3,1,4,3,2,54.58,59.91,2,56.02,50.46
United States,2021-04-13,2,2,1,4,1,1,1,3,2,1,2,3,1,4,3,2,54.56,59.89,2,56.02,50.46
United States,2021-04-14,2,2,1,4,1,1,1,3,2,1,2,3,1,4,3,2,54.52,59.87,2,56.02,50.46
United States,2021-04-15,2,2,1,4,1,1,1,3,2,1,2,3,1,4,3,2,54.49,59.85,2,56.02,50.46
United States,2021-04-16,2,2,1,4,1,1,1,3,2,1,2,3,1,4,3,2,54.46,59.83,2,56.02,50.46
United States,2021-04-17,2,2,1,4,1,1,1,3,2,1,2,3,1,4,3,2,54.44,59.81,2,56.02,50.46
United States,2021-04-18,2,2,1,4,1,1,1,3,2,1,2,3,1,4,3,2,54.43,59.81,2,56.02,50.46
United States,2021-04-19,2,2,1,4,1,1,1,3,2,1,2,3,1,4,5,2,54.4,62.65,2,56.02,50.46
United States,2021-04-20,2,2,1,4,1,1,1,3,2,1,2,3,1,4,5,2,54.37,62.63,2,56.02,50.46
United States,2021-04-21,2,2,1,4,1,1,1,3,2,1,2,3,1,4,5,2,54.34,62.61,2,56.02,50.46
United States,2021-04-22,2,2,1,4,1,1,1,3,2,1,2,3,1,4,5,2,54.3,62.59,2,56.02,50.46
United States,2021-04-23,2,2,1,4,1,1,1,3,2,1,2,3,1,4,5,2,54.27,62.57,2,56.02,50.46
United States,2021-04-24,2,2,1,4,1,1,1,3,2,1,2,3,1,4,5,2,54.25,62.56,2,56.02,50.46
United States,2021-04-25,2,2,1,4,1,1,1,3,2,1,2,3,1,4,5,2,54.24,62.55,2,56.02,50.46
United States,2021-04-26,2,2,1,4,1,1,1,3,2,1,2,3,1,4,5,2,54.22,62.53,2,56.02,50.46
United States,2021-04-27,2,2,1,4,1,1,1,3,2,1,2,3,1,4,5,2,54.19,62.52,2,56.02,50.46
United States,2021-04-28,2,2,1,4,1,1,1,3,2,1,2,3,1,4,5,2,54.16,62.49,2,56.02,50.46
United States,2021-04-29,2,2,1,4,1,1,1,3,2,1,2,3,1,4,5,2,54.12,62.47,2,56.02,50.46
United States,2021-04-30,2,2,1,4,1,1,1,3,2,1,2,3,1,4,5,2,54.09,62.45,2,56.02,50.46
United States,2021-05-01,2,2,1,4,1,1,1,3,2,1,2,3,1,4,5,2,54.07,62.44,2,56.02,50.46
United States,2021-05-02,2,2,1,4,1,1,1,3,2,1,2,3,1,4,5,2,54.06,62.43,2,56.02,50.46
United States,2021-05-03,2,2,1,4,1,1,1,3,2,1,2,3,1,4,5,2,54.04,62.42,2,56.02,50.46
United States,2021-05-04,2,2,1,4,1,1,1,3,2,1,2,3,1,4,5,2,54.01,62.4,2,56.02,50.46
United States,2021-05-05,2,2,1,4,1,1,1,3,2,1,2,3,1,4,5,2,53.98,62.38,2,56.02,50.46
United States,2021-05-06,2,2,1,4,1,1,1,3,2,1,2,3,1,4,5,2,53.95,62.36,2,56.02,50.46
United States,2021-05-07,2,2,1,4,1,1,1,3,2,1,2,3,1,4,5,2,53.92,62.34,2,56.02,50.46
United States,2021-05-08,2,2,1,4,1,1,1,3,2,1,2,3,1,4,5,2,53.9,62.33,2,56.02,50.46
United States,2021-05-09,2,2,1,4,1,1,1,3,1,1,2,3,1,4,5,2,55.74,63.51,2,57.87,52.31
United States,2021-05-10,2,2,1,4,1,1,1,3,1,1,2,3,1,4,5,3,55.72,63.5,3,57.87,52.31
United States,2021-05-11,2,2,1,4,1,1,2,3,1,1,2,3,1,4,5,3,60.65,66.67,3,60.65,60.65
United States,2021-05-12,2,2,1,4,1,1,2,3,1,1,2,3,1,4,5,3,60.65,66.67,3,60.65,60.65
United States,2021-05-13,2,2,1,4,1,1,2,3,1,1,2,3,1,4,5,3,60.65,66.67,3,60.65,60.65
United States,2021-05-14,2,2,1,4,1,1,2,3,1,1,2,3,1,4,5,3,60.65,66.67,3,60.65,60.65
United States,2021-05-15,2,2,1,4,1,1,2,3,1,1,2,3,1,4,5,3,60.65,66.67,3,60.65,60.65
United States,2021-05-16,2,2,1,4,1,1,2,3,1,1,2,3,1,3,5,3,60.65,64.88,3,60.65,60.65
United States,2021-05-17,2,2,1,4,1,1,2,3,1,1,2,3,1,3,5,3,60.65,64.88,3,60.65,60.65
United States,2021-05-18,2,2,1,4,1,1,2,3,1,1,2,3,1,3,5,3,60.65,64.88,3,60.65,60.65
United States,2021-05-19,2,2,1,4,1,1,2,3,1,1,2,3,1,3,5,3,60.65,64.88,3,60.65,60.65
United States,2021-05-20,2,2,1,4,1,1,2,3,1,1,2,3,1,3,5,3,60.65,64.88,3,60.65,60.65
United States,2021-05-21,2,2,1,4,1,1,2,3,1,1,2,3,1,3,5,3,60.65,64.88,3,60.65,60.65
United States,2021-05-22,2,2,1,4,1,1,2,3,1,1,2,3,1,3,5,3,60.65,64.88,3,60.65,60.65
United States,2021-05-23,2,2,1,4,1,1,2,3,1,1,2,3,1,3,5,3,56.02,61.9,3,56.02,56.02
United States,2021-05-24,2,2,1,4,1,1,2,3,1,1,2,3,1,3,5,3,56.02,61.9,3,56.02,56.02
United States,2021-05-25,2,2,1,4,1,1,2,3,1,1,2,3,1,3,5,3,56.02,61.9,3,56.02,56.02
United States,2021-05-26,2,2,1,4,1,1,2,3,1,1,2,3,1,3,5,3,56.02,61.9,3,56.02,56.02
United States,2021-05-27,2,2,1,4,1,1,2,3,1,1,2,3,1,3,5,3,56.02,61.9,3,56.02,56.02
United States,2021-05-28,2,2,1,4,1,1,2,3,1,1,2,3,1,3,5,3,56.02,61.9,3,56.02,56.02
United States,2021-05-29,2,2,1,4,1,1,2,3,1,1,2,3,1,3,5,3,56.02,61.9,3,56.02,56.02
United States,2021-05-30,2,2,1,4,1,1,2,3,1,1,2,3,1,3,5,3,56.02,61.9,3,56.02,56.02
United States,2021-05-31,2,2,1,4,1,1,2,3,1,1,2,3,1,3,5,3,56.02,61.9,3,56.02,56.02
United States,2021-06-01,2,2,1,4,1,1,2,3,1,1,2,3,1,3,5,3,56.02,61.9,3,56.02,56.02
United States,2021-06-02,2,2,1,4,1,1,2,3,1,1,2,3,1,3,5,3,56.02,61.9,3,56.02,56.02
United States,2021-06-03,2,2,1,4,1,1,2,3,1,1,2,3,1,3,5,3,56.02,61.9,3,56.02,56.02
United States,2021-06-04,2,2,1,4,1,1,2,3,1,1,2,3,1,3,5,3,56.02,61.9,3,56.02,56.02
United States,2021-06-05,2,2,1,4,1,1,2,3,1,1,2,3,1,3,5,3,56.02,61.9,3,56.02,56.02
United States,2021-06-06,2,2,1,4,1,1,2,3,1,1,2,3,1,3,5,3,56.02,61.9,3,56.02,56.02
United States,2021-06-07,2,2,1,4,1,1,2,3,1,1,2,3,1,3,5,3,56.02,61.9,3,56.02,56.02
United States,2021-06-08,2,2,1,4,1,1,2,3,1,1,2,3,1,3,5,3,56.02,61.9,3,56.02,56.02
United States,2021-06-09,2,2,1,4,1,1,2,3,1,1,2,3,1,3,5,3,56.02,61.9,3,56.02,56.02
United States,2021-06-10,2,2,1,4,1,1,1,3,1,1,2,3,1,3,5,3,50.65,58.46,3,53.24,47.69
United States,2021-06-11,2,2,1,4,1,1,1,3,1,1,2,3,1,3,5,3,50.64,58.45,3,53.24,47.69
United States,2021-06-12,2,2,1,4,1,1,1,3,1,1,2,3,1,3,5,3,50.63,58.44,3,53.24,47.69
United States,2021-06-13,2,2,1,4,1,1,1,3,1,1,2,3,1,3,5,3,50.62,58.44,3,53.24,47.69
United States,2021-06-14,2,2,2,4,1,1,2,3,1,1,2,3,1,3,5,3,58.94,63.78,3,61.57,56.02
United States,2021-06-15,2,2,2,4,1,1,2,3,1,1,2,3,1,3,5,3,58.93,63.78,3,61.57,56.02
United States,2021-06-16,2,2,2,4,1,1,2,3,1,1,2,3,1,3,5,3,58.92,63.77,3,61.57,56.02
United States,2021-06-17,2,2,2,4,1,1,2,3,1,1,2,3,1,3,5,3,58.91,63.76,3,61.57,56.02
United States,2021-06-18,2,2,2,4,1,1,2,3,1,1,2,3,1,3,5,3,58.9,63.76,3,61.57,56.02
United States,2021-06-19,2,2,2,4,1,1,2,3,1,1,2,3,1,3,5,3,58.89,63.75,3,61.57,56.02
United States,2021-06-20,2,2,2,4,1,1,2,3,1,1,2,3,1,3,5,3,58.89,63.75,3,61.57,56.02
United States,2021-06-21,2,2,2,4,1,1,2,3,1,1,2,3,1,3,5,3,58.89,63.75,3,61.57,56.02
United States,2021-06-22,2,2,2,4,1,1,2,3,1,1,2,3,1,3,5,3,58.88,63.74,3,61.57,56.02
United States,2021-06-23,2,2,2,4,1,1,2,3,1,1,2,3,1,3,5,3,58.87,63.74,3,61.57,56.02
United States,2021-06-24,2,2,2,4,1,1,2,3,1,1,2,3,1,3,5,3,58.86,63.73,3,61.57,56.02
United States,2021-06-25,2,2,2,4,1,1,2,3,1,1,2,3,1,3,5,3,58.86,63.73,3,61.57,56.02
United States,2021-06-26,2,2,2,4,1,1,2,3,1,1,2,3,1,3,5,3,58.85,63.73,3,61.57,56.02
United States,2021-06-27,2,2,2,4,1,1,2,3,1,1,2,3,1,3,5,3,58.85,63.72,3,61.57,56.02
United States,2021-06-28,2,2,2,4,1,1,2,3,1,1,2,3,1,3,5,3,58.84,63.72,3,61.57,56.02
United States,2021-06-29,2,2,2,4,1,1,2,3,1,1,2,3,1,3,5,3,58.84,63.72,3,61.57,56.02
United States,2021-06-30,2,2,2,4,1,1,2,3,1,1,2,3,1,3,5,3,58.83,63.71,3,61.57,56.02
United States,2021-07-01,2,2,2,4,1,1,2,3,1,1,2,3,1,3,5,3,58.83,63.71,3,61.57,56.02
United States,2021-07-02,2,2,2,4,1,1,2,3,1,1,2,3,1,3,5,3,58.82,63.71,3,61.57,56.02
United States,2021-07-03,2,2,2,4,1,1,2,3,1,1,2,3,1,3,5,3,58.82,63.7,3,61.57,56.02
United States,2021-07-04,2,2,2,4,1,1,2,3,1,1,2,3,1,3,5,3,58.82,63.7,3,61.57,56.02
United States,2021-07-05,2,2,2,4,1,1,2,3,1,1,2,3,1,3,5,3,58.81,63.7,3,61.57,56.02
United States,2021-07-06,2,2,2,4,1,1,2,3,1,1,2,3,1,3,5,3,58.81,63.7,3,61.57,56.02
United States,2021-07-07,2,2,2,4,1,1,2,3,1,1,2,3,1,3,5,3,58.8,63.69,3,61.57,56.02
United States,2021-07-08,2,1,1,3,1,1,2,3,1,1,2,3,1,3,5,3,46.76,55.96,3,49.54,43.98
United States,2021-07-09,2,1,1,3,1,1,1,3,1,1,2,3,1,3,5,3,46.76,55.95,3,49.54,43.98
United States,2021-07-10,2,1,1,3,1,1,1,3,1,1,2,3,1,3,5,3,46.75,55.95,3,49.54,43.98
United States,2021-07-11,2,1,1,3,1,1,1,3,1,1,2,3,1,3,5,3,46.75,55.95,3,49.54,43.98
United States,2021-07-12,2,1,1,3,1,1,1,3,1,1,2,3,1,3,5,3,46.75,55.95,3,49.54,43.98
United States,2021-07-13,2,1,1,3,1,1,1,3,1,1,2,3,1,3,5,3,46.74,55.94,3,49.54,43.98
United States,2021-07-14,2,1,1,3,1,1,1,3,1,1,2,3,1,3,5,3,46.74,55.94,3,49.54,43.98
United States,2021-07-15,2,1,1,3,1,1,1,3,1,1,2,3,1,3,5,3,46.73,55.94,3,49.54,43.98
United States,2021-07-16,2,1,1,3,1,1,1,3,1,1,2,3,1,3,5,3,46.73,55.93,3,49.54,43.98
United States,2021-07-17,2,1,1,3,1,1,1,3,1,1,2,3,1,3,5,3,46.72,55.93,3,49.54,43.98
United States,2021-07-18,2,1,1,3,1,1,1,3,1,1,2,3,1,3,5,3,46.72,55.93,3,49.54,43.98
United States,2021-07-19,2,1,1,3,1,1,1,3,1,1,2,3,1,3,5,3,46.72,55.93,3,49.54,43.98
United States,2021-07-20,2,1,1,3,1,1,1,3,1,1,2,3,1,3,5,3,46.71,55.93,3,49.54,43.98
United States,2021-07-21,2,1,1,3,1,1,1,3,1,1,2,3,1,3,5,3,46.71,55.92,3,49.54,43.98
United States,2021-07-22,2,1,1,3,1,1,1,3,1,1,2,3,1,3,5,3,46.7,55.92,3,49.54,43.98
United States,2021-07-23,2,1,1,3,1,1,1,3,1,1,2,3,1,3,5,3,46.7,55.92,3,49.54,43.98
United States,2021-07-24,2,1,1,3,1,1,1,3,1,1,2,3,1,3,5,3,46.7,55.91,3,49.54,43.98
United States,2021-07-25,2,1,1,3,1,1,1,3,1,1,2,3,1,3,5,3,46.7,55.91,3,49.54,43.98
United States,2021-07-26,2,1,1,3,1,1,1,3,1,1,2,3,1,2,5,3,46.69,54.99,3,49.54,43.98
United States,2021-07-27,2,1,1,3,1,1,1,3,1,1,2,3,1,2,5,3,46.69,54.99,3,49.54,43.98
United States,2021-07-28,2,1,1,3,1,1,1,3,1,1,2,3,1,2,5,3,46.68,54.99,3,49.54,43.98
United States,2021-07-29,2,1,1,3,1,1,1,3,1,1,2,3,1,2,5,3,46.68,54.98,3,49.54,43.98
United States,2021-07-30,2,1,1,3,1,1,1,3,1,1,2,3,1,2,5,3,46.67,54.98,3,49.54,43.98
United States,2021-07-31,2,1,1,3,1,1,1,3,1,1,2,3,1,2,5,3,46.67,54.97,3,49.54,43.98
United States,2021-08-01,2,1,1,3,1,1,1,3,1,0,2,3,1,2,5,3,46.67,54.97,3,49.54,43.98
United States,2021-08-02,2,1,1,3,1,1,1,3,1,0,2,3,1,2,5,3,46.67,54.97,3,49.54,43.98
United States,2021-08-03,2,1,1,3,1,1,1,3,1,1,2,3,1,2,5,3,46.66,54.96,3,49.54,43.98
United States,2021-08-04,2,1,1,3,1,1,1,3,1,1,2,3,1,2,5,3,46.66,54.96,3,49.54,43.98
United States,2021-08-05,2,1,1,3,1,1,1,3,1,1,2,3,1,2,5,3,46.65,54.96,3,49.54,43.98
United States,2021-08-06,2,1,1,3,1,1,1,3,1,1,2,3,1,2,5,3,46.65,54.95,3,49.54,43.98
United States,2021-08-07,2,1,1,3,1,1,1,3,1,1,2,3,1,2,5,3,46.64,54.95,3,49.54,43.98
United States,2021-08-08,2,1,1,3,1,1,1,3,1,1,2,3,1,2,5,3,46.64,54.95,3,49.54,43.98
United States,2021-08-09,2,1,1,3,1,1,1,3,1,1,2,3,1,2,5,3,46.64,54.94,3,49.54,43.98
United States,2021-08-10,2,1,1,4,1,1,1,3,1,1,2,3,1,2,5,3,49.41,56.72,3,52.31,46.76
United States,2021-08-11,2,1,1,4,1,1,1,3,1,1,2,3,1,2,5,3,49.4,56.72,3,52.31,46.76
United States,2021-08-12,2,1,1,4,1,1,1,3,1,1,2,3,1,2,5,3,49.4,56.71,3,52.31,46.76
United States,2021-08-13,2,1,1,4,1,1,1,3,1,1,2,3,1,2,5,3,52.03,58.4,3,57.87,46.76
United States,2021-08-14,2,1,1,4,1,1,1,3,1,1,2,3,1,2,5,3,52.02,58.4,3,57.87,46.76
United States,2021-08-15,2,1,1,4,1,1,1,3,1,1,2,3,1,2,5,3,52.01,58.39,3,57.87,46.76
United States,2021-08-16,2,1,1,4,1,1,1,3,1,1,2,3,1,2,5,3,53.75,59.5,3,61.57,46.76
United States,2021-08-17,2,1,1,4,1,1,1,3,1,1,2,3,1,2,5,3,53.73,59.49,3,61.57,46.76
United States,2021-08-18,2,1,1,4,1,1,1,3,1,1,2,3,1,2,5,3,53.71,59.48,3,61.57,46.76
United States,2021-08-19,2,1,1,4,1,1,1,3,1,1,2,3,1,2,5,3,53.7,59.47,3,61.57,46.76
United States,2021-08-20,2,1,1,4,1,1,1,3,1,1,2,3,1,2,5,3,53.67,59.45,3,61.57,46.76
United States,2021-08-21,2,1,1,4,1,1,1,3,1,1,2,3,1,2,5,3,53.66,59.44,3,61.57,46.76
United States,2021-08-22,2,1,1,4,1,1,1,3,1,1,2,3,1,2,5,3,53.65,59.43,3,61.57,46.76
United States,2021-08-23,2,1,1,4,1,1,1,3,1,1,2,3,1,2,5,3,53.63,59.42,3,61.57,46.76
United States,2021-08-24,2,1,2,4,1,1,1,3,1,1,2,3,1,2,5,3,56.6,61.32,3,61.57,52.31
United States,2021-08-25,2,1,2,4,1,1,1,3,1,1,2,3,1,2,5,3,56.58,61.31,3,61.57,52.31
United States,2021-08-26,2,1,2,4,1,1,1,3,1,1,2,3,1,2,5,3,56.57,61.3,3,61.57,52.31
United States,2021-08-27,2,1,2,4,1,1,1,3,1,1,2,3,1,2,5,3,56.56,61.29,3,61.57,52.31
United States,2021-08-28,2,1,2,4,1,1,1,3,1,1,2,3,1,2,5,3,56.55,61.28,3,61.57,52.31
United States,2021-08-29,2,1,2,4,1,1,1,3,1,1,2,3,1,2,5,3,56.54,61.28,3,61.57,52.31
United States,2021-08-30,2,1,2,4,1,1,1,3,1,1,2,3,1,2,5,3,56.53,61.27,3,61.57,52.31
United States,2021-08-31,2,1,2,4,1,1,1,3,1,1,2,3,1,2,5,3,56.52,61.26,3,61.57,52.31
United States,2021-09-01,2,1,2,4,1,1,0,3,1,1,2,3,1,2,5,3,52.48,58.65,3,56.02,49.54
United States,2021-09-02,2,1,2,4,1,1,0,3,1,1,2,3,1,2,5,3,52.47,58.64,3,56.02,49.54
United States,2021-09-03,2,1,2,4,1,1,0,3,1,1,2,3,1,2,5,3,52.46,58.63,3,56.02,49.54
United States,2021-09-04,2,1,2,4,1,1,0,3,1,1,2,3,1,2,5,3,52.45,58.63,3,56.02,49.54
United States,2021-09-05,2,1,2,4,1,1,0,3,0,1,2,3,1,2,5,3,52.45,58.62,3,56.02,49.54
United States,2021-09-06,2,1,2,4,1,1,0,3,0,1,2,3,1,2,5,3,52.45,58.62,3,56.02,49.54
United States,2021-09-07,2,1,2,4,1,1,0,3,0,1,2,3,1,2,5,3,52.44,58.61,3,56.02,49.54
United States,2021-09-08,2,1,2,4,1,1,0,3,0,1,2,3,1,2,5,3,52.43,58.6,3,56.02,49.54
United States,2021-09-09,2,1,2,4,1,1,0,3,0,1,2,3,1,2,5,3,52.42,58.6,3,56.02,49.54
United States,2021-09-10,2,1,2,4,1,1,0,3,0,1,2,3,1,2,5,3,52.41,58.59,3,56.02,49.54
United States,2021-09-11,2,1,2,4,1,1,0,3,0,1,2,3,1,2,5,3,52.41,58.58,3,56.02,49.54
United States,2021-09-12,2,1,2,4,1,1,0,3,0,1,2,3,1,2,5,3,52.4,58.58,3,56.02,49.54
United States,2021-09-13,2,1,2,4,1,1,0,3,0,1,2,3,1,2,5,3,52.4,58.57,3,56.02,49.54
United States,2021-09-14,2,1,2,4,1,1,0,3,0,1,2,3,1,2,5,3,52.39,58.57,3,56.02,49.54
United States,2021-09-15,2,1,2,4,1,1,0,3,0,1,2,3,1,2,5,3,52.38,58.56,3,56.02,49.54
United States,2021-09-16,2,1,2,4,1,1,0,3,0,1,2,3,1,2,5,3,52.37,58.55,3,56.02,49.54
United States,2021-09-17,2,1,2,4,1,1,0,3,0,1,2,3,1,2,5,3,52.36,58.54,3,56.02,49.54
United States,2021-09-18,2,1,2,4,1,1,0,3,0,1,2,3,1,2,5,3,52.36,58.54,3,56.02,49.54
United States,2021-09-19,2,1,2,4,1,1,0,3,0,1,2,3,1,2,5,3,52.35,58.53,3,56.02,49.54
United States,2021-09-20,2,1,2,4,1,1,0,3,0,1,2,3,1,2,5,3,52.35,58.53,3,56.02,49.54
United States,2021-09-21,2,1,2,4,1,1,0,3,0,1,2,3,1,2,5,3,52.34,58.52,3,56.02,49.54
United States,2021-09-22,2,1,2,4,1,1,0,3,0,1,2,3,1,2,5,3,52.33,58.52,3,56.02,49.54
United States,2021-09-23,2,1,2,4,1,1,0,3,0,1,2,3,1,2,5,3,52.33,58.51,3,56.02,49.54
United States,2021-09-24,2,1,2,4,1,1,0,3,0,1,2,3,1,2,5,3,52.32,58.5,3,56.02,49.54
United States,2021-09-25,2,1,2,4,1,1,0,3,0,1,2,3,1,2,5,3,52.32,58.5,3,56.02,49.54
United States,2021-09-26,2,1,2,4,1,1,0,3,0,1,2,3,1,2,5,3,52.31,58.5,3,56.02,49.54
United States,2021-09-27,2,1,2,4,1,1,0,3,0,1,2,3,1,2,5,3,52.31,58.49,3,56.02,49.54
United States,2021-09-28,2,1,2,4,1,1,0,3,0,1,2,3,1,2,5,3,52.3,58.49,3,56.02,49.54
United States,2021-09-29,2,1,2,4,1,1,0,3,0,1,2,3,1,2,5,3,52.3,58.48,3,56.02,49.54
United States,2021-09-30,2,1,2,4,1,1,0,3,0,1,2,3,1,2,5,3,52.29,58.48,3,56.02,49.54
United States,2021-10-01,2,1,2,4,1,1,0,3,0,1,2,3,1,2,5,3,52.28,58.47,3,56.02,49.54
United States,2021-10-02,2,1,2,4,1,1,0,3,0,1,2,3,1,2,5,3,52.28,58.46,3,56.02,49.54
United States,2021-10-03,2,1,2,4,1,1,0,3,0,1,2,3,1,2,5,3,52.28,58.46,3,56.02,49.54
United States,2021-10-04,2,1,2,4,1,1,0,3,0,0,2,3,1,2,5,3,52.27,58.46,3,56.02,49.54
United States,2021-10-05,2,1,2,4,1,1,0,3,0,0,2,3,1,2,5,3,52.27,58.45,3,56.02,49.54
United States,2021-10-06,2,1,2,4,1,1,0,3,0,0,2,3,1,2,5,3,52.26,58.45,3,56.02,49.54
United States,2021-10-07,2,1,2,4,1,1,0,3,0,0,2,3,1,2,5,3,52.26,58.44,3,56.02,49.54
United States,2021-10-08,2,1,2,4,1,1,0,3,0,0,2,3,1,2,5,3,52.25,58.44,3,56.02,49.54
United States,2021-10-09,2,1,2,4,1,1,0,3,0,0,2,3,1,2,5,3,52.25,58.43,3,56.02,49.54
United States,2021-10-10,2,1,2,4,1,1,0,3,0,0,2,3,1,2,5,3,52.24,58.43,3,56.02,49.54
United States,2021-10-11,2,1,2,4,1,1,0,3,0,0,2,3,1,2,5,3,52.24,58.43,3,56.02,49.54
United States,2021-10-12,2,1,2,4,1,1,0,3,0,0,2,3,1,2,5,3,52.23,58.42,3,56.02,49.54
United States,2021-10-13,2,1,2,4,1,1,0,3,0,0,2,3,1,2,5,3,52.23,58.42,3,56.02,49.54
United States,2021-10-14,2,1,2,4,1,1,0,3,0,0,2,3,1,2,5,3,52.23,58.42,3,56.02,49.54
United States,2021-10-15,2,1,2,4,1,1,0,3,0,0,2,3,1,2,5,3,52.22,58.41,3,56.02,49.54
United States,2021-10-16,2,1,2,4,1,1,0,3,0,0,2,3,1,2,5,3,52.22,58.41,3,56.02,49.54
United States,2021-10-17,2,1,2,4,1,1,0,3,0,0,2,3,1,2,5,3,52.22,58.41,3,56.02,49.54
United States,2021-10-18,2,1,2,4,1,1,0,3,0,0,2,3,1,2,5,3,52.21,58.4,3,56.02,49.54
United States,2021-10-19,2,1,2,4,1,1,0,3,0,0,2,3,1,2,5,3,52.21,58.4,3,56.02,49.54
United States,2021-10-20,2,1,2,4,1,1,0,3,0,0,2,3,1,2,5,3,52.2,58.4,3,56.02,49.54
United States,2021-10-21,2,1,2,4,1,1,0,3,0,0,2,3,1,2,5,3,52.2,58.39,3,56.02,49.54
United States,2021-10-22,2,1,2,4,1,1,0,3,0,0,2,3,1,2,5,3,52.19,58.39,3,56.02,49.54
United States,2021-10-23,2,1,2,4,1,1,0,3,0,0,2,3,1,2,5,3,52.19,58.39,3,56.02,49.54
United States,2021-10-24,2,1,2,4,1,1,0,3,0,0,2,3,1,2,5,3,52.19,58.38,3,56.02,49.54
United States,2021-10-25,2,1,2,4,1,1,0,3,0,0,2,3,1,2,5,3,52.19,58.38,3,56.02,49.54
United States,2021-10-26,2,1,2,4,1,1,0,3,0,0,2,3,1,2,5,3,52.18,58.38,3,56.02,49.54
United States,2021-10-27,2,1,2,4,1,1,0,3,0,0,2,3,1,2,5,3,52.18,58.37,3,56.02,49.54
United States,2021-10-28,2,1,2,4,1,1,0,3,0,0,2,3,1,2,5,3,52.17,58.37,3,56.02,49.54
United States,2021-10-29,2,1,2,4,1,1,0,3,0,0,2,3,1,2,5,3,52.17,58.36,3,56.02,49.54
United States,2021-10-30,2,1,2,4,1,1,0,3,0,0,2,3,1,2,5,3,52.17,58.36,3,56.02,49.54
United States,2021-10-31,2,1,2,4,1,1,0,3,0,0,2,3,1,2,5,3,52.17,58.36,3,56.02,49.54
United States,2021-11-01,2,1,2,4,1,1,0,3,0,0,2,3,1,2,5,3,52.16,58.36,3,56.02,49.54
United States,2021-11-02,2,1,2,4,1,1,0,3,0,0,2,3,1,2,5,3,52.16,58.35,3,56.02,49.54
United States,2021-11-03,2,1,2,4,1,1,0,3,0,0,2,3,1,2,5,3,52.15,58.35,3,56.02,49.54
United States,2021-11-04,2,1,2,4,1,1,0,3,0,0,2,3,1,2,5,3,52.15,58.35,3,56.02,49.54
United States,2021-11-05,2,1,2,4,1,1,0,3,0,0,2,3,1,2,5,3,52.15,58.34,3,56.02,49.54
United States,2021-11-06,2,1,2,4,1,1,0,3,0,0,2,3,1,2,5,3,52.14,58.34,3,56.02,49.54
United States,2021-11-07,2,1,2,4,1,1,0,3,0,0,2,3,1,2,5,3,52.14,58.34,3,56.02,49.54
United States,2021-11-08,2,1,2,4,1,1,0,1,0,0,2,3,1,2,5,3,49.92,56.92,3,58.8,43.98
United States,2021-11-09,2,1,2,4,1,1,0,1,0,0,2,3,1,2,5,3,49.92,56.91,3,58.8,43.98
United States,2021-11-10,2,1,2,4,1,1,0,1,0,0,2,3,1,2,5,3,49.91,56.91,3,58.8,43.98
United States,2021-11-11,2,1,2,4,1,1,0,1,0,0,2,3,1,2,5,3,49.9,56.9,3,58.8,43.98
United States,2021-11-12,2,1,2,4,1,1,0,1,0,0,2,3,1,2,5,3,49.89,56.89,3,58.8,43.98
United States,2021-11-13,2,1,2,4,1,1,0,1,0,0,2,3,1,2,5,3,49.89,56.89,3,58.8,43.98
United States,2021-11-14,2,1,2,4,1,1,0,1,0,0,2,3,1,2,5,3,49.89,56.89,3,58.8,43.98
United States,2021-11-15,2,1,2,4,1,1,0,1,0,0,2,3,1,2,5,3,49.88,56.88,3,58.8,43.98
United States,2021-11-16,2,1,2,4,1,1,1,1,0,0,2,3,1,2,5,3,51.55,57.95,3,58.8,46.76
United States,2021-11-17,2,1,2,4,1,1,1,1,0,0,2,3,1,2,5,3,51.54,57.95,3,58.8,46.76
United States,2021-11-18,2,1,2,4,1,1,1,1,0,0,2,3,1,2,5,3,51.53,57.94,3,58.8,46.76
United States,2021-11-19,2,1,2,4,1,1,1,1,0,0,2,3,1,2,5,3,51.53,57.94,3,58.8,46.76
United States,2021-11-20,2,1,2,4,1,1,1,1,0,0,2,3,1,2,5,3,51.52,57.94,3,58.8,46.76
United States,2021-11-21,2,1,2,4,1,1,1,1,0,0,2,3,1,2,5,3,51.52,57.93,3,58.8,46.76
United States,2021-11-22,2,1,2,4,1,1,1,1,0,0,2,3,1,2,5,3,51.51,57.93,3,58.8,46.76
United States,2021-11-23,2,1,2,4,1,1,1,1,0,0,2,3,1,2,5,3,51.51,57.92,3,58.8,46.76
United States,2021-11-24,2,1,2,4,1,1,1,1,0,0,2,3,1,2,5,3,51.5,57.92,3,58.8,46.76
United States,2021-11-25,2,1,2,4,1,1,1,1,0,0,2,3,1,2,5,3,51.5,57.92,3,58.8,46.76
United States,2021-11-26,2,1,2,4,1,1,1,1,0,0,2,3,1,2,5,3,51.5,57.92,3,58.8,46.76
United States,2021-11-27,2,1,2,4,1,1,1,3,0,0,2,3,1,2,5,3,54.86,60.08,3,58.8,52.31
United States,2021-11-28,2,1,2,4,1,1,1,3,0,0,2,3,1,2,5,3,54.86,60.07,3,58.8,52.31
United States,2021-11-29,2,1,2,4,1,1,1,3,0,0,2,3,1,2,5,3,54.85,60.07,3,58.8,52.31
United States,2021-11-30,2,1,1,3,1,1,1,3,0,0,2,3,1,2,5,3,48.68,56.09,3,56.02,43.98
United States,2021-12-01,2,1,1,3,1,1,1,3,0,0,2,3,1,2,5,3,48.66,56.08,3,56.02,43.98
United States,2021-12-02,2,1,1,3,1,1,1,3,0,0,2,3,1,2,5,3,48.65,56.07,3,56.02,43.98
United States,2021-12-03,2,1,1,3,1,1,1,3,0,0,2,3,1,2,5,3,48.63,56.05,3,56.02,43.98
United States,2021-12-04,2,1,1,3,1,1,1,3,0,0,2,3,1,2,5,3,48.61,56.04,3,56.02,43.98
United States,2021-12-05,2,1,1,3,1,1,1,3,0,0,2,3,1,2,5,3,48.6,56.04,3,56.02,43.98
United States,2021-12-06,2,1,1,3,1,1,1,3,0,0,2,3,1,2,5,3,48.59,56.03,3,56.02,43.98
United States,2021-12-07,2,1,1,3,1,1,1,3,0,0,2,3,1,2,5,3,48.58,56.02,3,56.02,43.98
United States,2021-12-08,2,1,1,3,1,1,1,3,0,0,2,3,1,2,5,3,48.57,56.01,3,56.02,43.98
United States,2021-12-09,2,1,1,3,1,1,1,3,0,0,2,3,1,2,5,3,48.55,56.0,3,56.02,43.98
United States,2021-12-10,2,1,1,3,1,1,1,3,0,0,2,3,1,2,5,3,48.54,55.98,3,56.02,43.98
United States,2021-12-11,2,1,1,3,1,1,1,3,0,0,2,3,1,2,5,3,48.53,55.97,3,56.02,43.98
United States,2021-12-12,2,1,1,3,1,1,1,3,0,0,2,3,1,2,5,3,48.52,55.97,3,56.02,43.98
United States,2021-12-13,2,1,1,3,1,1,1,3,0,0,2,3,1,2,5,3,48.51,55.96,3,56.02,43.98
United States,2021-12-14,2,1,1,3,1,1,1,3,0,0,2,3,1,2,5,3,48.5,55.95,3,56.02,43.98
United States,2021-12-15,2,1,1,3,1,1,1,3,0,0,2,3,1,2,5,3,48.49,55.95,3,56.02,43.98
United States,2021-12-16,2,1,1,3,1,1,1,3,0,0,2,3,1,2,5,3,48.49,55.94,3,56.02,43.98
United States,2021-12-17,2,1,1,3,1,1,1,3,0,0,2,3,1,2,5,3,48.48,55.93,3,56.02,43.98
United States,2021-12-18,2,1,1,3,1,1,1,3,0,0,2,3,1,2,5,3,48.47,55.93,3,56.02,43.98
United States,2021-12-19,2,1,1,3,1,1,1,3,0,0,2,3,1,2,5,3,48.47,55.93,3,56.02,43.98
United States,2021-12-20,2,1,1,3,1,1,1,3,0,0,2,3,1,2,5,3,48.46,55.92,3,56.02,43.98
United States,2021-12-21,2,1,1,3,1,1,1,3,0,0,2,3,1,2,5,3,48.45,55.91,3,56.02,43.98
United States,2021-12-22,2,1,1,3,1,1,1,3,0,0,2,3,1,2,5,3,48.44,55.91,3,56.02,43.98
United States,2021-12-23,2,1,1,3,1,1,1,3,0,0,2,3,1,2,5,3,48.43,55.9,3,56.02,43.98
United States,2021-12-24,2,1,1,3,1,1,1,3,0,0,2,3,1,2,5,3,48.43,55.9,3,56.02,43.98
United States,2021-12-25,2,1,1,3,1,1,1,3,0,0,2,3,1,2,5,3,48.43,55.9,3,56.02,43.98
United States,2021-12-26,2,1,1,3,1,1,1,3,0,0,2,3,1,2,5,3,48.43,55.9,3,56.02,43.98
United States,2021-12-27,2,1,1,4,1,1,1,3,0,0,2,3,1,2,5,3,51.2,57.68,3,58.8,46.76
United States,2021-12-28,2,1,1,4,1,1,1,3,0,0,2,3,1,2,5,3,51.19,57.67,3,58.8,46.76
United States,2021-12-29,2,1,1,4,1,1,1,3,0,0,2,3,1,2,5,3,51.18,57.67,3,58.8,46.76
United States,2021-12-30,2,1,1,4,1,1,1,3,0,0,2,3,1,2,5,3,51.18,57.66,3,58.8,46.76
United States,2021-12-31,2,1,1,4,1,1,1,1,0,0,2,3,1,2,5,3,47.65,55.4,3,58.8,41.2
United States,2022-01-01,2,1,1,4,1,1,1,1,0,0,2,3,1,2,5,3,47.65,55.39,3,58.8,41.2
United States,2022-01-02,2,1,1,4,1,1,1,1,0,0,2,3,1,2,5,3,47.64,55.39,3,58.8,41.2
United States,2022-01-03,2,1,1,4,1,1,1,1,0,0,2,3,1,2,5,3,47.63,55.38,3,58.8,41.2
United States,2022-01-04,2,1,1,4,1,1,1,1,0,0,2,3,1,2,5,3,47.62,55.38,3,58.8,41.2
United States,2022-01-05,2,1,1,4,1,1,1,1,0,0,2,3,1,2,5,3,47.61,55.37,3,58.8,41.2
United States,2022-01-06,2,1,1,4,1,1,1,1,0,0,2,3,1,2,5,3,47.6,55.36,3,58.8,41.2
United States,2022-01-07,2,1,1,4,1,1,1,1,0,0,2,3,1,2,5,3,47.59,55.35,3,58.8,41.2
United States,2022-01-08,2,1,1,4,1,1,1,1,0,0,2,3,1,2,5,3,47.57,55.34,3,58.8,41.2
United States,2022-01-09,2,1,1,4,1,1,1,1,0,0,2,3,1,2,5,3,47.57,55.34,3,58.8,41.2
United States,2022-01-10,2,1,1,4,1,1,1,1,0,0,2,3,1,2,5,3,47.56,55.33,3,58.8,41.2
United States,2022-01-11,2,1,1,4,1,1,1,1,0,0,2,3,1,2,5,3,47.55,55.32,3,58.8,41.2
United States,2022-01-12,2,1,1,4,1,1,1,1,0,0,2,3,1,2,5,3,47.54,55.32,3,58.8,41.2
United States,2022-01-13,2,1,1,4,1,1,1,1,0,0,2,3,1,2,5,3,47.53,55.31,3,58.8,41.2
United States,2022-01-14,2,1,1,4,1,1,1,1,0,0,2,3,1,2,5,3,47.52,55.3,3,58.8,41.2
United States,2022-01-15,2,1,1,4,1,1,1,1,0,0,2,3,1,2,5,3,47.51,55.3,3,58.8,41.2
United States,2022-01-16,2,1,1,4,1,1,1,1,0,0,2,3,1,2,5,3,47.51,55.29,3,58.8,41.2
United States,2022-01-17,2,1,1,4,1,1,1,1,0,0,2,3,1,2,5,3,47.5,55.29,3,58.8,41.2
United States,2022-01-18,2,1,1,4,1,1,1,1,0,0,2,3,1,2,5,3,47.49,55.28,3,58.8,41.2
United States,2022-01-19,2,1,1,4,1,1,0,1,0,0,2,3,1,2,5,3,45.7,54.12,3,58.8,38.43
United States,2022-01-20,2,1,1,4,1,1,0,1,0,0,2,3,1,2,5,3,45.69,54.11,3,58.8,38.43
United States,2022-01-21,2,1,1,4,1,1,0,1,0,0,2,3,1,2,5,3,45.68,54.11,3,58.8,38.43
United States,2022-01-22,2,1,1,4,1,1,0,1,0,0,2,3,1,2,5,3,45.68,54.1,3,58.8,38.43
United States,2022-01-23,2,1,1,4,1,1,0,1,0,0,2,3,1,2,5,3,45.67,54.1,3,58.8,38.43
United States,2022-01-24,2,1,1,4,1,1,0,1,0,0,2,3,1,2,5,3,45.66,54.09,3,58.8,38.43
United States,2022-01-25,2,1,1,4,1,1,0,1,0,0,2,3,1,2,5,3,45.65,54.08,3,58.8,38.43
United States,2022-01-26,2,1,1,4,1,1,0,1,0,0,2,3,1,2,5,3,45.64,54.08,3,58.8,38.43
United States,2022-01-27,2,1,1,4,1,1,0,1,0,0,2,3,1,2,5,3,45.63,54.07,3,58.8,38.43
United States,2022-01-28,2,1,1,4,1,1,0,1,0,0,2,3,1,2,5,3,45.62,54.06,3,58.8,38.43
United States,2022-01-29,2,1,1,4,1,1,0,1,0,0,2,3,1,2,5,3,45.61,54.06,3,58.8,38.43
United States,2022-01-30,2,1,1,4,1,1,0,1,0,0,2,3,1,2,5,3,45.61,54.05,3,58.8,38.43
United States,2022-01-31,2,1,1,4,1,1,0,1,0,0,2,3,1,2,5,3,45.6,54.04,3,58.8,38.43
United States,2022-02-01,2,1,1,4,1,1,0,1,0,0,2,3,1,2,5,3,45.59,54.04,3,58.8,38.43
United States,2022-02-02,2,1,1,4,1,1,0,1,0,0,2,3,1,2,5,3,45.58,54.03,3,58.8,38.43
United States,2022-02-03,2,1,1,4,1,1,0,1,0,0,2,3,1,2,5,3,45.57,54.02,3,58.8,38.43
United States,2022-02-04,2,1,1,4,1,1,0,1,0,0,2,3,1,2,5,3,45.56,54.02,3,58.8,38.43
United States,2022-02-05,2,1,1,4,1,1,0,1,0,0,2,3,1,2,5,3,45.55,54.01,3,58.8,38.43
United States,2022-02-06,2,1,1,4,1,1,0,1,0,0,2,3,1,2,5,3,45.54,54.01,3,58.8,38.43
United States,2022-02-07,2,1,1,4,1,1,0,1,0,0,2,3,1,2,5,3,45.54,54.0,3,58.8,38.43
United States,2022-02-08,2,1,1,4,1,1,0,1,0,0,2,3,1,2,5,3,45.53,53.99,3,58.8,38.43
United States,2022-02-09,2,1,1,4,1,1,0,1,0,0,2,3,1,2,5,3,45.52,53.99,3,58.8,38.43
United States,2022-02-10,2,1,1,4,1,1,0,1,0,0,2,3,1,2,5,3,45.51,53.98,3,58.8,38.43
United States,2022-02-11,2,1,1,4,1,1,0,1,0,0,2,3,1,2,5,3,45.5,53.97,3,58.8,38.43
United States,2022-02-12,2,1,1,4,1,1,0,1,0,0,2,3,1,2,5,3,45.49,53.97,3,58.8,38.43
United States,2022-02-13,2,1,1,4,1,1,0,1,0,0,2,3,1,2,5,3,45.49,53.97,3,58.8,38.43
United States,2022-02-14,2,1,1,4,1,1,0,1,0,0,2,3,1,2,5,3,45.48,53.96,3,58.8,38.43
United States,2022-02-15,2,1,1,4,1,1,0,1,0,0,2,3,1,2,5,3,45.48,53.96,3,58.8,38.43
United States,2022-02-16,2,1,1,4,1,1,0,1,0,0,2,3,1,2,5,3,45.47,53.95,3,58.8,38.43
United States,2022-02-17,2,1,1,4,1,1,0,1,0,0,2,3,1,2,5,3,45.46,53.95,3,58.8,38.43
United States,2022-02-18,2,1,1,4,1,1,0,1,0,0,2,3,1,2,5,3,45.45,53.94,3,58.8,38.43
United States,2022-02-19,2,1,1,4,1,1,0,1,0,0,2,3,1,2,5,3,45.45,53.94,3,58.8,38.43
United States,2022-02-20,2,1,1,4,1,1,0,1,0,0,2,3,1,2,5,3,45.45,53.93,3,58.8,38.43
United States,2022-02-21,2,1,1,4,1,1,0,1,0,0,2,3,1,2,5,3,45.44,53.93,3,58.8,38.43
United States,2022-02-22,2,1,1,4,1,1,0,1,0,0,2,3,1,2,5,3,45.43,53.93,3,58.8,38.43
United States,2022-02-23,2,1,1,4,1,1,0,1,0,0,2,3,1,2,5,3,45.43,53.92,3,58.8,38.43
United States,2022-02-24,2,1,1,4,1,1,0,1,0,0,2,3,1,2,5,3,45.42,53.92,3,58.8,38.43
United States,2022-02-25,2,1,1,4,1,1,0,1,0,0,2,3,1,2,5,3,45.41,53.91,3,58.8,38.43
United States,2022-02-26,2,1,1,4,1,1,0,1,0,0,2,3,1,2,5,3,45.41,53.91,3,58.8,38.43
United States,2022-02-27,2,1,1,4,1,1,0,1,0,0,2,3,1,2,5,3,45.41,53.91,3,58.8,38.43
United States,2022-02-28,2,1,1,0,1,1,0,1,0,0,2,3,1,2,5,3,37.1,48.57,3,53.24,28.7
United States,2022-03-01,2,1,1,0,1,1,0,1,0,0,2,3,1,2,5,3,37.1,48.57,3,53.24,28.7
United States,2022-03-02,2,1,1,0,1,1,0,1,0,0,2,3,1,2,5,3,37.09,48.57,3,53.24,28.7
United States,2022-03-03,1,1,1,0,1,1,0,1,0,0,2,3,1,2,5,3,34.65,46.99,3,53.24,25.0
United States,2022-03-04,1,1,1,0,1,1,0,1,0,0,2,3,1,2,5,3,34.64,46.99,3,53.24,25.0
United States,2022-03-05,1,1,1,0,1,1,0,1,0,0,2,3,1,2,5,3,34.64,46.99,3,53.24,25.0
United States,2022-03-06,1,1,1,0,1,1,0,1,0,0,2,3,1,2,5,3,34.64,46.98,3,53.24,25.0
United States,2022-03-07,1,1,1,0,1,1,0,1,0,0,2,3,1,2,5,3,34.63,46.98,3,53.24,25.0
United States,2022-03-08,1,1,1,0,1,1,0,1,0,0,2,3,1,2,5,3,34.63,46.98,3,53.24,25.0
United States,2022-03-09,1,1,1,0,1,1,0,1,0,0,2,3,1,2,5,3,34.62,46.97,3,53.24,25.0
United States,2022-03-10,1,1,1,0,1,1,0,1,0,0,2,3,1,2,5,3,34.62,46.97,3,53.24,25.0
United States,2022-03-11,1,1,1,0,1,1,0,1,0,0,2,3,1,2,5,3,34.61,46.97,3,53.24,25.0
United States,2022-03-12,1,1,1,0,1,1,0,1,0,0,2,3,1,2,5,3,34.61,46.96,3,53.24,25.0
United States,2022-03-13,1,1,1,0,1,1,0,1,0,0,2,3,1,2,5,3,34.6,46.96,3,53.24,25.0
United States,2022-03-14,1,1,1,0,1,1,0,1,0,0,2,3,1,2,5,3,34.6,46.96,3,53.24,25.0
United States,2022-03-15,1,1,1,0,1,1,0,1,0,0,2,3,1,2,5,3,34.6,46.96,3,53.24,25.0
United States,2022-03-16,1,1,1,0,1,1,1,1,0,0,2,3,1,2,5,3,38.31,49.34,3,58.8,27.78
United States,2022-03-17,1,1,1,0,1,1,1,1,0,0,2,3,1,2,5,3,38.31,49.34,3,58.8,27.78
United States,2022-03-18,1,1,1,0,1,1,1,1,0,0,2,3,1,2,5,3,38.31,49.33,3,58.8,27.78
United States,2022-03-19,1,1,1,0,1,1,1,1,0,0,2,3,1,2,5,3,38.3,49.33,3,58.8,27.78
United States,2022-03-20,1,1,1,0,1,1,1,1,0,0,2,3,1,2,5,3,38.3,49.33,3,58.8,27.78
United States,2022-03-21,1,1,1,0,1,1,1,1,0,0,2,3,1,2,5,3,38.3,49.33,3,58.8,27.78
United States,2022-03-22,1,1,1,0,1,1,1,1,0,0,2,3,1,2,5,3,38.29,49.32,3,58.8,27.78
United States,2022-03-23,1,1,1,0,1,1,1,1,0,0,2,3,1,2,5,3,38.29,49.32,3,58.8,27.78
United States,2022-03-24,1,1,1,0,1,1,1,1,0,0,2,3,1,2,5,3,38.28,49.32,3,58.8,27.78
United States,2022-03-25,1,1,1,0,1,1,1,1,0,0,2,3,1,2,5,3,38.28,49.31,3,58.8,27.78
United States,2022-03-26,1,1,1,0,1,1,1,1,0,0,2,3,1,2,5,3,38.27,49.31,3,58.8,27.78
United States,2022-03-27,1,1,1,0,1,1,1,1,0,0,2,3,1,2,5,3,38.27,49.31,3,58.8,27.78
United States,2022-03-28,1,1,1,0,1,1,1,1,0,0,2,3,1,2,5,3,38.27,49.31,3,58.8,27.78
United States,2022-03-29,1,1,1,0,1,1,1,1,0,0,2,3,1,2,5,3,38.26,49.3,3,58.8,27.78
United States,2022-03-30,1,1,1,0,1,0,0,1,0,0,2,3,1,2,5,3,29.88,43.32,3,43.06,23.15
United States,2022-03-31,1,1,1,0,1,0,0,1,0,0,2,3,1,2,5,3,29.87,43.31,3,43.06,23.15
United States,2022-04-01,1,1,1,0,1,0,0,1,0,0,2,3,1,2,5,3,29.87,43.31,3,43.06,23.15
United States,2022-04-02,1,1,1,0,1,0,0,1,0,0,2,3,1,2,5,3,29.87,43.31,3,43.06,23.15
United States,2022-04-03,1,1,1,0,1,0,0,1,0,0,2,3,1,2,5,3,29.86,43.31,3,43.06,23.15
United States,2022-04-04,1,1,1,0,1,0,0,1,0,0,2,3,1,2,5,3,29.86,43.3,3,43.06,23.15
United States,2022-04-05,1,1,1,0,1,0,0,1,0,0,2,3,1,2,5,3,29.86,43.3,3,43.06,23.15
United States,2022-04-06,1,1,1,0,1,0,0,1,0,0,2,3,1,2,5,3,29.85,43.3,3,43.06,23.15
United States,2022-04-07,1,1,1,0,1,0,0,1,0,0,2,3,1,2,5,3,29.85,43.3,3,43.06,23.15
United States,2022-04-08,1,1,1,0,1,0,0,1,0,0,2,3,1,2,5,3,29.84,43.29,3,43.06,23.15
United States,2022-04-09,1,1,1,0,1,0,0,1,0,0,2,3,1,2,5,3,29.84,43.29,3,43.06,23.15
United States,2022-04-10,1,1,1,0,1,0,0,1,0,0,2,3,1,2,5,3,29.84,43.29,3,43.06,23.15
United States,2022-04-11,1,1,1,0,1,0,0,1,0,0,2,3,1,2,5,3,29.84,43.29,3,43.06,23.15
United States,2022-04-12,1,1,1,0,1,0,0,1,0,0,2,3,1,2,5,3,29.83,43.29,3,43.06,23.15
United States,2022-04-13,1,1,1,0,1,0,0,1,0,0,2,3,1,2,5,3,29.83,43.28,3,43.06,23.15
United States,2022-04-14,1,1,1,0,1,0,0,1,0,0,2,3,1,2,5,3,29.83,43.28,3,43.06,23.15
United States,2022-04-15,1,1,1,0,1,0,0,1,0,0,2,3,1,2,5,3,29.82,43.28,3,43.06,23.15
United States,2022-04-16,1,1,1,0,1,0,0,1,0,0,2,3,1,2,5,3,29.82,43.28,3,43.06,23.15
United States,2022-04-17,1,1,1,0,1,0,0,1,0,0,2,3,1,2,5,3,29.82,43.28,3,43.06,23.15
United States,2022-04-18,1,1,1,0,1,0,0,1,0,0,2,3,1,2,5,3,29.82,43.28,3,43.06,23.15
United States,2022-04-19,1,1,1,0,1,0,0,1,0,0,2,3,1,2,5,3,29.81,43.27,3,43.06,23.15
United States,2022-04-20,1,1,1,0,1,0,0,1,0,0,2,3,1,2,5,3,29.81,43.27,3,43.06,23.15
United States,2022-04-21,1,1,0,0,1,0,0,1,0,0,2,3,1,2,5,3,27.96,42.08,3,43.06,20.37
United States,2022-04-22,1,1,0,0,1,0,0,1,0,0,2,3,1,2,5,3,27.95,42.07,3,43.06,20.37
United States,2022-04-23,1,1,0,0,1,0,0,1,0,0,2,3,1,2,5,3,27.95,42.07,3,43.06,20.37
United States,2022-04-24,1,1,0,0,1,0,0,1,0,0,2,3,1,2,5,3,27.95,42.07,3,43.06,20.37
United States,2022-04-25,1,1,0,0,1,0,0,1,0,0,2,3,1,2,5,3,27.94,42.07,3,43.06,20.37
United States,2022-04-26,1,1,0,0,1,0,0,1,0,0,2,3,1,2,5,3,27.94,42.07,3,43.06,20.37
United States,2022-04-27,1,1,0,0,1,0,0,1,0,0,2,3,1,2,5,3,27.94,42.07,3,43.06,20.37
United States,2022-04-28,1,1,0,0,1,0,0,1,0,0,2,3,1,2,5,3,27.93,42.06,3,43.06,20.37
United States,2022-04-29,1,1,0,0,1,0,0,1,0,0,2,3,1,2,5,3,27.93,42.06,3,43.06,20.37
United States,2022-04-30,1,1,0,0,1,0,0,1,0,0,2,3,1,2,5,3,27.93,42.06,3,43.06,20.37
United States,2022-05-01,1,1,0,0,1,0,0,1,0,0,2,3,1,2,5,3,27.93,42.06,3,43.06,20.37
United States,2022-05-02,1,1,0,0,1,0,0,1,0,0,2,3,1,2,5,3,27.92,42.06,3,43.06,20.37
United States,2022-05-03,1,1,0,0,1,0,0,1,0,0,2,3,1,2,5,3,27.92,42.05,3,43.06,20.37
United States,2022-05-04,1,1,0,0,1,0,0,1,0,0,2,3,1,2,5,3,27.92,42.05,3,43.06,20.37
United States,2022-05-05,1,1,0,0,1,0,0,1,0,0,2,3,1,2,5,3,27.91,42.05,3,43.06,20.37
United States,2022-05-06,1,1,0,0,1,0,0,1,0,0,2,3,1,2,5,3,27.91,42.05,3,43.06,20.37
United States,2022-05-07,1,1,0,0,1,0,0,1,0,0,2,3,1,2,5,3,27.91,42.05,3,43.06,20.37
United States,2022-05-08,1,1,0,0,1,0,0,1,0,0,2,3,1,2,5,3,27.91,42.05,3,43.06,20.37
United States,2022-05-09,1,1,0,0,1,0,0,1,0,0,2,3,1,2,5,3,27.9,42.04,3,43.06,20.37
United States,2022-05-10,1,1,0,0,1,0,0,1,0,0,2,3,1,2,5,3,27.9,42.04,3,43.06,20.37
United States,2022-05-11,1,1,0,0,1,0,0,1,0,0,2,3,1,2,5,3,26.51,41.15,3,38.89,20.37
United States,2022-05-12,1,1,0,0,1,0,0,1,0,0,2,3,1,2,5,3,26.51,41.15,3,38.89,20.37
United States,2022-05-13,1,1,0,0,1,0,0,1,0,0,2,3,1,2,5,3,26.51,41.15,3,38.89,20.37
United States,2022-05-14,1,1,0,0,1,0,0,1,0,0,2,3,1,2,5,3,26.51,41.15,3,38.89,20.37
United States,2022-05-15,1,1,0,0,1,0,0,1,0,0,2,3,1,2,5,3,26.51,41.15,3,38.89,20.37
United States,2022-05-16,1,1,0,0,1,0,0,1,0,0,2,3,1,2,5,3,26.5,41.14,3,38.89,20.37
United States,2022-05-17,1,1,0,0,1,0,0,1,0,0,2,3,1,2,5,3,26.5,41.14,3,38.89,20.37
United States,2022-05-18,1,1,0,0,1,0,0,1,0,0,2,3,1,2,5,3,26.5,41.14,3,38.89,20.37
United States,2022-05-19,1,1,0,0,1,0,0,1,0,0,2,3,1,2,5,3,26.49,41.14,3,38.89,20.37
United States,2022-05-20,1,1,0,0,1,0,0,1,0,0,2,3,1,2,5,3,26.49,41.14,3,38.89,20.37
United States,2022-05-21,1,1,0,0,1,0,0,1,0,0,2,3,1,2,5,3,26.49,41.14,3,38.89,20.37
United States,2022-05-22,1,1,0,0,1,0,0,1,0,0,2,3,1,2,5,3,26.49,41.14,3,38.89,20.37
United States,2022-05-23,1,1,0,0,1,0,0,1,0,0,2,3,1,2,5,3,26.49,41.13,3,38.89,20.37
United States,2022-05-24,1,1,0,0,1,0,0,1,0,0,2,3,1,2,5,3,26.48,41.13,3,38.89,20.37
United States,2022-05-25,1,1,0,0,1,0,0,1,0,0,2,3,1,2,5,3,26.48,41.13,3,38.89,20.37
United States,2022-05-26,1,1,0,0,1,0,0,1,0,0,2,3,1,2,5,3,26.48,41.13,3,38.89,20.37
United States,2022-05-27,1,1,0,0,1,0,0,1,0,0,2,3,1,2,5,3,26.48,41.13,3,38.89,20.37
United States,2022-05-28,1,1,0,0,1,0,0,1,0,0,2,3,1,2,5,3,26.48,41.13,3,38.89,20.37
United States,2022-05-29,1,1,0,0,1,0,0,1,0,0,2,3,1,2,5,3,26.47,41.13,3,38.89,20.37
United States,2022-05-30,1,1,0,0,1,0,0,1,0,0,2,3,1,2,5,3,26.47,41.13,3,38.89,20.37
United States,2022-05-31,1,1,0,0,1,0,0,1,0,0,2,3,1,2,5,3,26.47,41.12,3,38.89,20.37
United States,2022-06-01,1,1,0,0,1,0,0,1,0,0,2,3,1,2,5,3,26.47,41.12,3,38.89,20.37
United States,2022-06-02,1,1,0,0,1,0,0,1,0,0,2,3,1,2,5,3,26.47,41.12,3,38.89,20.37
United States,2022-06-03,1,1,0,0,1,0,0,1,0,0,2,3,1,2,5,3,26.46,41.12,3,38.89,20.37
United States,2022-06-04,1,1,0,0,1,0,0,1,0,0,2,3,1,2,5,3,26.46,41.12,3,38.89,20.37
United States,2022-06-05,1,1,0,0,2,0,0,1,0,0,2,3,1,2,5,3,32.02,44.69,3,44.44,25.93
United States,2022-06-06,1,1,0,0,2,0,0,1,0,0,2,3,1,2,5,3,32.02,44.69,3,44.44,25.93
United States,2022-06-07,1,1,0,0,2,0,0,1,0,0,2,3,1,2,5,3,32.02,44.69,3,44.44,25.93
United States,2022-06-08,1,1,0,0,2,0,0,1,0,0,2,3,1,2,5,3,32.01,44.68,3,44.44,25.93
United States,2022-06-09,1,1,0,0,2,0,0,1,0,0,2,3,1,2,5,3,32.01,44.68,3,44.44,25.93
United States,2022-06-10,1,1,0,0,2,0,0,1,0,0,2,3,1,2,5,3,32.01,44.68,3,44.44,25.93
United States,2022-06-11,1,1,0,0,2,0,0,1,0,0,2,3,1,2,5,3,32.01,44.68,3,44.44,25.93
United States,2022-06-12,1,1,0,0,2,0,0,1,0,0,2,3,1,2,5,3,32.01,44.68,3,44.44,25.93
United States,2022-06-13,1,1,0,0,2,0,0,1,0,0,2,3,1,2,5,3,32.0,44.68,3,44.44,25.93
United States,2022-06-14,1,1,0,0,2,0,0,1,0,0,2,3,1,2,5,3,32.0,44.68,3,44.44,25.93
United States,2022-06-15,1,1,0,0,2,0,0,1,0,0,2,3,1,2,5,3,32.0,44.68,3,44.44,25.93
United States,2022-06-16,1,1,0,0,2,0,0,1,0,0,2,3,1,2,5,3,32.0,44.68,3,44.44,25.93
United States,2022-06-17,1,1,0,0,2,0,0,1,0,0,2,3,1,2,5,3,32.0,44.67,3,44.44,25.93
United States,2022-06-18,1,1,0,0,2,0,0,1,0,0,2,3,1,2,5,3,32.0,44.67,3,44.44,25.93
United States,2022-06-19,1,1,0,0,2,0,0,1,0,0,2,3,1,2,5,3,32.0,44.67,3,44.44,25.93
United States,2022-06-20,1,1,0,0,2,0,0,1,0,0,2,3,1,2,5,3,31.99,44.67,3,44.44,25.93
United States,2022-06-21,1,1,0,0,2,0,0,1,0,0,2,3,1,2,5,3,31.99,44.67,3,44.44,25.93
United States,2022-06-22,1,1,0,0,2,0,0,1,0,0,2,3,1,2,5,3,31.99,44.67,3,44.44,25.93
United States,2022-06-23,1,1,0,0,2,0,0,1,0,0,2,3,1,2,5,3,31.99,44.67,3,44.44,25.93
United States,2022-06-24,1,1,0,0,2,0,0,1,0,0,2,3,1,2,5,3,31.99,44.67,3,44.44,25.93
United States,2022-06-25,1,1,0,0,2,0,0,1,0,0,2,3,1,2,5,3,31.99,44.67,3,44.44,25.93
United States,2022-06-26,1,1,0,0,2,0,0,1,0,0,2,3,1,2,5,3,31.99,44.67,3,44.44,25.93
United States,2022-06-27,1,1,0,0,2,0,0,1,0,0,2,3,1,2,5,3,31.98,44.67,3,44.44,25.93
United States,2022-06-28,1,1,0,0,2,0,0,1,0,0,2,3,1,2,5,3,31.98,44.66,3,44.44,25.93
United States,2022-06-29,1,1,0,0,2,0,0,1,0,0,2,3,1,2,5,3,31.98,44.66,3,44.44,25.93
United States,2022-06-30,1,1,0,0,2,0,0,1,0,0,2,3,1,2,5,3,31.98,44.66,3,44.44,25.93
United States,2022-07-01,1,1,0,0,2,0,0,1,0,0,2,3,1,2,5,3,31.98,44.66,3,44.44,25.93
United States,2022-07-02,1,1,0,0,2,0,0,1,0,0,2,3,1,2,5,3,31.98,44.66,3,44.44,25.93
United States,2022-07-03,1,1,0,0,2,0,0,1,0,0,2,3,1,2,5,3,31.98,44.66,3,44.44,25.93
United States,2022-07-04,1,1,0,0,2,0,0,1,0,0,2,3,1,2,5,3,31.98,44.66,3,44.44,25.93
United States,2022-07-05,1,1,0,0,2,0,0,1,0,0,2,3,1,2,5,3,31.97,44.66,3,44.44,25.93
United States,2022-07-06,1,1,0,0,2,0,0,1,0,0,2,3,1,2,5,3,31.97,44.66,3,44.44,25.93
United States,2022-07-07,1,1,0,0,2,0,0,1,0,0,2,3,1,2,5,3,31.97,44.66,3,44.44,25.93
United States,2022-07-08,1,1,0,0,2,0,0,1,0,0,2,3,1,2,5,3,30.76,43.88,3,40.74,25.93
United States,2022-07-09,1,1,0,0,2,0,0,1,0,0,2,3,1,2,5,3,30.76,43.88,3,40.74,25.93
United States,2022-07-10,1,1,0,0,2,0,0,1,0,0,2,3,1,2,5,3,30.76,43.88,3,40.74,25.93
United States,2022-07-11,1,1,0,0,2,0,0,1,0,0,2,3,1,2,5,3,30.76,43.88,3,40.74,25.93
United States,2022-07-12,1,1,0,0,2,0,0,1,0,0,2,3,1,2,5,3,30.76,43.88,3,40.74,25.93
United States,2022-07-13,1,1,0,0,2,0,0,1,0,0,2,3,1,2,5,3,30.76,43.88,3,40.74,25.93
United States,2022-07-14,1,1,0,0,2,0,0,1,0,0,2,3,1,2,5,3,30.75,43.87,3,40.74,25.93
United States,2022-07-15,1,1,0,0,2,0,0,1,0,0,2,3,1,2,5,3,30.75,43.87,3,40.74,25.93
United States,2022-07-16,1,1,0,0,2,0,0,1,0,0,2,3,1,2,5,3,30.75,43.87,3,40.74,25.93
United States,2022-07-17,1,1,0,0,2,0,0,1,0,0,2,3,1,2,5,3,30.75,43.87,3,40.74,25.93
United States,2022-07-18,1,1,0,0,2,0,0,1,0,0,2,3,1,2,5,3,30.75,43.87,3,40.74,25.93
United States,2022-07-19,1,1,0,0,2,0,0,1,0,0,2,3,1,2,5,3,30.75,43.87,3,40.74,25.93
United States,2022-07-20,1,1,0,0,2,0,0,1,0,0,2,3,1,2,5,3,30.75,43.87,3,40.74,25.93
United States,2022-07-21,1,1,0,0,2,0,0,1,0,0,2,3,1,2,5,3,30.74,43.87,3,40.74,25.93
United States,2022-07-22,1,1,0,0,2,0,0,1,0,0,2,3,1,2,5,3,30.74,43.87,3,40.74,25.93
United States,2022-07-23,1,1,0,0,2,0,0,1,0,0,2,3,1,2,5,3,30.74,43.87,3,40.74,25.93
United States,2022-07-24,1,1,0,0,2,0,0,1,0,0,2,3,1,2,5,3,30.74,43.86,3,40.74,25.93
United States,2022-07-25,1,1,0,0,2,0,0,1,0,0,2,3,1,2,5,3,30.74,43.86,3,40.74,25.93
United States,2022-07-26,1,1,0,0,2,0,0,1,0,0,2,3,1,2,5,3,30.74,43.86,3,40.74,25.93
United States,2022-07-27,1,1,0,0,2,0,0,1,0,0,2,3,1,2,5,3,30.73,43.86,3,40.74,25.93
United States,2022-07-28,1,1,0,0,2,0,0,1,0,0,2,3,1,2,5,3,30.73,43.86,3,40.74,25.93
United States,2022-07-29,1,1,0,0,2,0,0,1,0,0,2,3,1,2,5,3,30.73,43.86,3,40.74,25.93
United States,2022-07-30,1,1,0,0,2,0,0,1,0,0,2,3,1,2,5,3,30.73,43.86,3,40.74,25.93
United States,2022-07-31,1,1,0,0,2,0,0,1,0,0,2,3,1,2,5,3,30.73,43.86,3,40.74,25.93
United States,2022-08-01,1,1,0,0,2,0,0,1,0,0,2,3,1,2,5,3,30.73,43.86,3,40.74,25.93
United States,2022-08-02,1,1,0,0,2,1,0,1,0,0,2,3,1,2,5,3,32.58,45.05,3,42.59,27.78
United States,2022-08-03,1,1,0,0,2,1,0,1,0,0,2,3,1,2,5,3,32.57,45.04,3,42.59,27.78
United States,2022-08-04,1,1,0,0,2,1,0,1,0,0,2,3,1,2,5,3,32.57,45.04,3,42.59,27.78
United States,2022-08-05,1,1,0,0,2,1,0,1,0,0,2,3,1,2,5,3,32.57,45.04,3,42.59,27.78
United States,2022-08-06,1,1,0,0,2,1,0,1,0,0,2,3,1,2,5,3,32.57,45.04,3,42.59,27.78
United States,2022-08-07,1,1,0,0,2,1,0,1,0,0,2,3,1,2,5,3,32.57,45.04,3,42.59,27.78
United States,2022-08-08,1,1,0,0,2,1,0,1,0,0,2,3,1,2,5,3,32.57,45.04,3,42.59,27.78
United States,2022-08-09,1,1,0,0,2,1,0,1,0,0,2,3,1,2,5,3,32.57,45.04,3,42.59,27.78
United States,2022-08-10,1,1,0,0,2,1,0,1,0,0,2,3,1,2,5,3,32.56,45.04,3,42.59,27.78
United States,2022-08-11,1,1,0,0,2,1,0,1,0,0,2,3,1,2,5,3,32.56,45.04,3,42.59,27.78
United States,2022-08-12,1,1,0,0,2,1,0,1,0,0,2,3,1,2,5,3,32.56,45.04,3,42.59,27.78
United States,2022-08-13,1,1,0,0,2,1,0,1,0,0,2,3,1,2,5,3,32.56,45.04,3,42.59,27.78
United States,2022-08-14,1,1,0,0,2,1,0,1,0,0,2,3,1,2,5,3,32.56,45.04,3,42.59,27.78
United States,2022-08-15,1,1,0,0,2,1,0,1,0,0,2,3,1,2,5,3,32.56,45.03,3,42.59,27.78
United States,2022-08-16,1,1,0,0,2,1,0,1,0,0,2,3,1,2,5,3,32.56,45.03,3,42.59,27.78
United States,2022-08-17,1,1,0,0,0,1,0,1,0,0,2,3,1,2,5,3,24.22,39.68,3,34.26,19.44
United States,2022-08-18,1,1,0,0,0,1,0,1,0,0,2,3,1,2,5,3,24.22,39.68,3,34.26,19.44
United States,2022-08-19,1,1,0,0,0,1,0,1,0,0,2,3,1,2,5,3,24.22,39.68,3,34.26,19.44
United States,2022-08-20,1,1,0,0,0,1,0,1,0,0,2,3,1,2,5,3,24.22,39.68,3,34.26,19.44
United States,2022-08-21,1,1,0,0,0,1,0,1,0,0,2,3,1,2,5,3,24.22,39.68,3,34.26,19.44
United States,2022-08-22,1,1,0,0,0,1,0,1,0,0,2,3,1,2,5,3,24.21,39.68,3,34.26,19.44
United States,2022-08-23,1,1,0,0,0,1,0,1,0,0,2,3,1,2,5,3,24.21,39.68,3,34.26,19.44
United States,2022-08-24,1,1,0,0,0,1,0,1,0,0,2,3,1,2,5,3,24.21,39.67,3,34.26,19.44
United States,2022-08-25,1,1,0,0,0,1,0,1,0,0,2,3,1,2,5,3,24.21,39.67,3,34.26,19.44
United States,2022-08-26,1,1,0,0,0,1,0,1,0,0,2,3,1,2,5,3,24.21,39.67,3,34.26,19.44
United States,2022-08-27,1,1,0,0,0,1,0,1,0,0,2,3,1,2,5,3,24.21,39.67,3,34.26,19.44
United States,2022-08-28,1,1,0,0,0,1,0,1,0,0,2,3,1,2,5,3,24.21,39.67,3,34.26,19.44
United States,2022-08-29,1,1,0,0,0,1,0,1,0,0,2,3,1,2,5,3,24.21,39.67,3,34.26,19.44
United States,2022-08-30,1,1,0,0,0,1,0,1,0,0,2,3,1,2,5,3,24.2,39.67,3,34.26,19.44
United States,2022-08-31,1,1,0,0,0,1,0,1,0,0,2,3,1,2,5,3,24.2,39.67,3,34.26,19.44
United States,2022-09-01,1,1,0,0,0,1,0,1,0,0,2,3,1,2,5,3,24.2,39.67,3,34.26,19.44
United States,2022-09-02,1,1,0,0,0,1,0,1,0,0,2,3,1,2,5,3,24.2,39.67,3,34.26,19.44
United States,2022-09-03,1,1,0,0,0,1,0,1,0,0,2,3,1,2,5,3,24.2,39.67,3,34.26,19.44
United States,2022-09-04,1,1,0,0,0,1,0,1,0,0,2,3,1,2,5,3,24.2,39.67,3,34.26,19.44
United States,2022-09-05,1,1,0,0,0,1,0,1,0,0,2,3,1,2,5,3,24.2,39.67,3,34.26,19.44
United States,2022-09-06,1,1,0,0,0,1,0,1,0,0,2,3,1,2,5,3,24.2,39.67,3,34.26,19.44
United States,2022-09-07,1,1,0,0,0,1,0,1,0,0,2,3,1,2,5,3,24.2,39.67,3,34.26,19.44
United States,2022-09-08,1,1,0,0,0,1,0,1,0,0,2,3,1,2,5,3,24.2,39.66,3,34.26,19.44
United States,2022-09-09,1,1,0,0,0,1,0,1,0,0,2,3,1,2,5,3,24.19,39.66,3,34.26,19.44
United States,2022-09-10,1,1,0,0,0,1,0,1,0,0,2,3,1,2,5,3,24.19,39.66,3,34.26,19.44
United States,2022-09-11,1,1,0,0,0,1,0,1,0,0,2,3,1,2,5,3,24.19,39.66,3,34.26,19.44
United States,2022-09-12,1,1,0,0,0,1,0,1,0,0,2,3,1,2,5,3,24.19,39.66,3,34.26,19.44
United States,2022-09-13,1,1,0,0,0,1,0,1,0,0,2,3,1,2,5,3,24.19,39.66,3,34.26,19.44
United States,2022-09-14,1,1,0,0,0,1,0,1,0,0,2,3,1,2,5,3,24.18,39.66,3,34.26,19.44
United States,2022-09-15,1,1,0,0,0,1,0,1,0,0,2,3,1,2,5,3,24.18,39.66,3,34.26,19.44
United States,2022-09-16,1,1,0,0,0,1,0,1,0,0,2,3,1,2,5,3,24.18,39.65,3,34.26,19.44
United States,2022-09-17,1,1,0,0,0,1,0,1,0,0,2,3,1,2,5,3,24.18,39.65,3,34.26,19.44
United States,2022-09-18,1,1,0,0,0,1,0,1,0,0,2,3,1,2,5,3,24.18,39.65,3,34.26,19.44
United States,2022-09-19,1,1,0,0,0,1,0,1,0,0,2,3,1,2,5,3,24.17,39.65,3,34.26,19.44
United States,2022-09-20,1,1,0,0,0,1,0,1,0,0,2,3,1,2,5,3,24.17,39.65,3,34.26,19.44
United States,2022-09-21,1,1,0,0,0,1,0,1,0,0,2,3,1,2,5,3,24.17,39.65,3,34.26,19.44
United States,2022-09-22,1,1,0,0,0,1,0,1,0,0,2,3,1,2,5,3,24.17,39.65,3,34.26,19.44
United States,2022-09-23,1,1,0,0,0,1,0,1,0,0,2,3,1,2,5,3,24.16,39.64,3,34.26,19.44
United States,2022-09-24,1,1,0,0,0,1,0,1,0,0,2,3,1,2,5,3,24.16,39.64,3,34.26,19.44
United States,2022-09-25,1,1,0,0,0,1,0,1,0,0,2,3,1,2,5,3,24.16,39.64,3,34.26,19.44
United States,2022-09-26,1,1,0,0,0,1,0,1,0,0,2,3,1,2,5,3,24.16,39.64,3,34.26,19.44
United States,2022-09-27,1,1,0,0,0,1,0,1,0,0,2,3,1,2,5,3,24.16,39.64,3,34.26,19.44
United States,2022-09-28,1,1,0,0,0,1,0,1,0,0,2,3,1,2,5,3,24.15,39.64,3,34.26,19.44
United States,2022-09-29,1,1,0,0,0,1,0,1,0,0,2,3,1,2,5,3,24.15,39.64,3,34.26,19.44
United States,2022-09-30,1,1,0,0,0,1,0,1,0,0,2,3,1,2,5,3,24.15,39.64,3,34.26,19.44
United States,2022-10-01,1,1,0,0,0,1,0,1,0,0,2,3,1,2,5,3,24.15,39.63,3,34.26,19.44
United States,2022-10-02,1,1,0,0,0,1,0,1,0,0,2,3,1,2,5,3,24.15,39.63,3,34.26,19.44
United States,2022-10-03,1,1,0,0,0,1,0,1,0,0,2,3,1,2,5,3,24.15,39.63,3,34.26,19.44
United States,2022-10-04,1,1,0,0,0,1,0,1,0,0,2,3,1,2,5,3,24.14,39.63,3,34.26,19.44
United States,2022-10-05,1,1,0,0,0,1,0,1,0,0,2,3,1,2,5,3,24.14,39.63,3,34.26,19.44
United States,2022-10-06,1,1,0,0,0,1,0,1,0,0,2,3,1,2,5,3,24.14,39.63,3,34.26,19.44
United States,2022-10-07,1,1,0,0,0,1,0,1,0,0,2,3,1,2,5,3,24.13,39.63,3,34.26,19.44
United States,2022-10-08,1,1,0,0,0,1,0,1,0,0,2,3,1,2,5,3,24.13,39.62,3,34.26,19.44
United States,2022-10-09,1,1,0,0,0,1,0,1,0,0,2,3,1,2,5,3,24.13,39.62,3,34.26,19.44
United States,2022-10-10,1,1,0,0,0,1,0,1,0,0,2,3,1,2,5,3,24.13,39.62,3,34.26,19.44
United States,2022-10-11,1,1,0,0,0,1,0,1,0,0,2,3,1,2,5,3,24.13,39.62,3,34.26,19.44
United States,2022-10-12,1,1,0,0,0,1,0,1,0,0,2,3,1,2,5,3,24.12,39.62,3,34.26,19.44
United States,2022-10-13,1,1,0,0,0,1,0,1,0,0,2,3,1,2,5,3,24.12,39.62,3,34.26,19.44
United States,2022-10-14,1,1,0,0,0,1,0,1,0,0,2,3,1,2,5,3,24.12,39.62,3,34.26,19.44
United States,2022-10-15,1,1,0,0,0,1,0,1,0,0,2,3,1,2,5,3,24.12,39.62,3,34.26,19.44
United States,2022-10-16,1,1,0,0,0,1,0,1,0,0,2,3,1,2,5,3,24.12,39.61,3,34.26,19.44
United States,2022-10-17,1,1,0,0,0,1,0,1,0,0,2,3,1,2,5,3,24.11,39.61,3,34.26,19.44
United States,2022-10-18,1,1,0,0,0,1,0,1,0,0,2,3,1,2,5,3,24.11,39.61,3,34.26,19.44
United States,2022-10-19,1,1,0,0,0,1,0,1,0,0,2,3,1,2,5,3,24.11,39.61,3,34.26,19.44
United States,2022-10-20,1,1,0,0,0,1,0,1,0,0,2,3,1,2,5,3,24.11,39.61,3,34.26,19.44
United States,2022-10-21,1,1,0,0,0,1,0,1,0,0,2,3,1,2,5,3,24.1,39.61,3,34.26,19.44
United States,2022-10-22,1,1,0,0,0,1,0,1,0,0,2,3,1,2,5,3,24.1,39.61,3,34.26,19.44
United States,2022-10-23,1,1,0,0,0,1,0,1,0,0,2,3,1,2,5,3,24.1,39.6,3,34.26,19.44
United States,2022-10-24,1,1,0,0,0,1,0,1,0,0,2,3,1,2,5,3,24.1,39.6,3,34.26,19.44
United States,2022-10-25,1,1,0,0,0,1,0,1,0,0,2,3,1,2,5,3,24.1,39.6,3,34.26,19.44
United States,2022-10-26,1,1,0,0,0,1,0,1,0,0,2,3,1,2,5,3,24.09,39.6,3,34.26,19.44
United States,2022-10-27,1,1,0,0,0,1,0,1,0,0,2,3,1,2,5,3,24.09,39.6,3,34.26,19.44
United States,2022-10-28,1,1,0,0,0,1,0,1,0,0,2,3,1,2,5,3,24.09,39.6,3,34.26,19.44
United States,2022-10-29,1,1,0,0,0,1,0,1,0,0,2,3,1,2,5,3,24.09,39.6,3,34.26,19.44
United States,2022-10-30,1,1,0,0,0,1,0,1,0,0,2,3,1,2,5,3,24.09,39.6,3,34.26,19.44
United States,2022-10-31,1,1,0,0,0,1,0,1,0,0,2,3,1,2,5,3,24.09,39.59,3,34.26,19.44
United States,2022-11-01,1,1,0,0,0,1,1,1,0,0,2,3,1,2,5,3,28.77,42.61,3,37.04,25.0
United States,2022-11-02,1,1,0,0,0,1,1,1,0,0,2,3,1,2,5,3,28.77,42.6,3,37.04,25.0
United States,2022-11-03,1,1,0,0,0,1,1,1,0,0,2,3,1,2,5,3,28.77,42.6,3,37.04,25.0
United States,2022-11-04,1,1,0,0,0,1,1,1,0,0,2,3,1,2,5,3,28.77,42.6,3,37.04,25.0
United States,2022-11-05,1,1,0,0,0,1,1,1,0,0,2,3,1,2,5,3,28.77,42.6,3,37.04,25.0
United States,2022-11-06,1,1,0,0,0,1,1,1,0,0,2,3,1,2,5,3,28.77,42.6,3,37.04,25.0
United States,2022-11-07,1,1,0,0,0,1,1,1,0,0,2,3,1,2,5,3,28.76,42.6,3,37.04,25.0
United States,2022-11-08,1,1,0,0,0,1,1,1,0,0,2,3,1,2,5,3,28.76,42.6,3,37.04,25.0
United States,2022-11-09,1,1,0,0,0,1,1,1,0,0,2,3,1,2,5,3,28.76,42.6,3,37.04,25.0
United States,2022-11-10,1,1,0,0,0,1,1,1,0,0,2,3,1,2,5,3,28.76,42.6,3,37.04,25.0
United States,2022-11-11,1,1,0,0,0,1,1,1,0,0,2,3,1,2,5,3,28.76,42.6,3,37.04,25.0
United States,2022-11-12,1,1,0,0,0,1,1,1,0,0,2,3,1,2,5,3,28.76,42.6,3,37.04,25.0
United States,2022-11-13,1,1,0,0,0,1,1,1,0,0,2,3,1,2,5,3,28.76,42.59,3,37.04,25.0
United States,2022-11-14,1,1,0,0,0,1,1,1,0,0,2,3,1,2,5,3,28.76,42.59,3,37.04,25.0
United States,2022-11-15,1,1,0,0,0,1,1,1,0,0,2,3,1,2,5,3,28.75,42.59,3,37.04,25.0
United States,2022-11-16,1,1,0,0,0,1,1,1,0,0,2,3,1,2,5,3,28.75,42.59,3,37.04,25.0
United States,2022-11-17,1,1,0,0,0,1,1,1,0,0,2,3,1,2,5,3,28.75,42.59,3,37.04,25.0
United States,2022-11-18,1,1,0,0,0,1,1,1,0,0,2,3,1,2,5,3,28.75,42.59,3,37.04,25.0
United States,2022-11-19,1,1,0,0,0,1,1,1,0,0,2,3,1,2,5,3,28.75,42.59,3,37.04,25.0
United States,2022-11-20,1,1,0,0,0,1,1,1,0,0,2,3,1,2,5,3,28.75,42.59,3,37.04,25.0
United States,2022-11-21,1,1,0,0,0,1,1,1,0,0,2,3,1,2,5,3,28.75,42.59,3,37.04,25.0
United States,2022-11-22,1,1,0,0,0,1,1,1,0,0,2,3,1,2,5,3,28.75,42.59,3,37.04,25.0
United States,2022-11-23,1,1,0,0,0,1,1,1,0,0,2,3,1,2,5,3,28.74,42.59,3,37.04,25.0
United States,2022-11-24,1,1,0,0,0,1,1,1,0,0,2,3,1,2,5,3,28.74,42.59,3,37.04,25.0
United States,2022-11-25,1,1,0,0,0,1,1,1,0,0,2,3,1,2,5,3,28.74,42.59,3,37.04,25.0
United States,2022-11-26,1,1,0,0,0,1,1,1,0,0,2,3,1,2,5,3,28.74,42.59,3,37.04,25.0
United States,2022-11-27,1,1,0,0,0,1,1,1,0,0,2,3,1,2,5,3,28.74,42.59,3,37.04,25.0
United States,2022-11-28,1,1,0,0,0,1,1,1,0,0,2,3,1,2,5,3,28.74,42.59,3,37.04,25.0
United States,2022-11-29,1,1,0,0,0,1,1,1,0,0,2,3,1,2,5,3,28.74,42.58,3,37.04,25.0
United States,2022-11-30,1,1,0,0,0,1,1,1,0,0,2,3,1,2,5,3,28.74,42.58,3,37.04,25.0
United States,2022-12-01,1,1,0,0,0,1,1,1,0,0,2,3,1,2,5,3,28.74,42.58,3,37.04,25.0
United States,2022-12-02,1,1,0,0,0,1,1,1,0,0,2,3,1,2,5,3,28.74,42.58,3,37.04,25.0
United States,2022-12-03,1,1,0,0,0,1,1,1,0,0,2,3,1,2,5,3,28.74,42.58,3,37.04,25.0
United States,2022-12-04,1,1,0,0,0,1,1,1,0,0,2,3,1,2,5,3,28.74,42.58,3,37.04,25.0
United States,2022-12-05,1,1,0,0,0,1,1,1,0,0,2,3,1,2,5,3,28.73,42.58,3,37.04,25.0
United States,2022-12-06,1,1,0,0,0,1,1,1,0,0,2,3,1,2,5,3,28.73,42.58,3,37.04,25.0
United States,2022-12-07,1,1,0,0,0,1,1,1,0,0,2,3,1,2,5,3,28.73,42.58,3,37.04,25.0
United States,2022-12-08,1,1,0,0,0,1,1,1,0,0,2,3,1,2,5,3,28.73,42.58,3,37.04,25.0
United States,2022-12-09,1,1,0,0,0,1,1,1,0,0,2,3,1,2,5,3,28.73,42.58,3,37.04,25.0
United States,2022-12-10,1,1,0,0,0,1,1,1,0,0,2,3,1,2,5,3,28.73,42.58,3,37.04,25.0
United States,2022-12-11,1,1,0,0,0,1,1,1,0,0,2,3,1,2,5,3,28.73,42.58,3,37.04,25.0
United States,2022-12-12,1,1,0,0,0,1,1,1,0,0,2,3,1,2,5,3,28.73,42.58,3,37.04,25.0
United States,2022-12-13,1,1,0,0,0,1,1,1,0,0,2,3,1,2,5,3,28.73,42.58,3,37.04,25.0
United States,2022-12-14,1,1,0,0,0,1,1,1,0,0,2,3,1,2,5,3,28.73,42.58,3,37.04,25.0
United States,2022-12-15,1,1,0,0,0,1,1,1,0,0,2,3,1,2,5,3,28.73,42.57,3,37.04,25.0
United States,2022-12-16,1,1,0,0,0,1,1,1,0,0,2,3,1,2,5,3,28.72,42.57,3,37.04,25.0
United States,2022-12-17,1,1,0,0,0,1,1,1,0,0,2,3,1,2,5,3,28.72,42.57,3,37.04,25.0
United States,2022-12-18,1,1,0,0,0,1,1,1,0,0,2,3,1,2,5,3,28.72,42.57,3,37.04,25.0
United States,2022-12-19,1,1,0,0,0,1,1,1,0,0,2,3,1,2,5,3,28.72,42.57,3,37.04,25.0
United States,2022-12-20,1,1,0,0,0,1,1,1,0,0,2,3,1,2,5,3,28.72,42.57,3,37.04,25.0
United States,2022-12-21,1,1,0,0,0,1,1,1,0,0,2,3,1,2,5,3,28.72,42.57,3,37.04,25.0
United States,2022-12-22,1,1,0,0,0,1,1,1,0,0,2,3,1,2,5,3,28.72,42.57,3,37.04,25.0
United States,2022-12-23,1,1,0,0,0,1,1,1,0,0,2,3,1,2,5,3,28.72,42.57,3,37.04,25.0
United States,2022-12-24,1,1,0,0,0,1,1,1,0,0,2,3,1,2,5,3,28.72,42.57,3,37.04,25.0
United States,2022-12-25,1,1,0,0,0,1,1,1,0,0,2,3,1,2,5,3,28.72,42.57,3,37.04,25.0
United States,2022-12-26,1,1,0,0,0,1,1,1,0,0,2,3,1,2,5,3,28.72,42.57,3,37.04,25.0
United States,2022-12-27,1,1,0,0,0,1,1,1,0,0,2,3,1,2,5,3,28.72,42.57,3,37.04,25.0
United States,2022-12-28,1,1,0,0,0,1,1,1,0,0,2,3,1,2,5,3,28.72,42.57,3,37.04,25.0
United States,2022-12-29,1,1,0,0,0,1,1,1,0,0,2,3,1,2,5,3,28.72,42.57,3,37.04,25.0
United States,2022-12-30,1,1,0,0,0,1,1,1,0,0,2,3,1,2,5,3,28.71,42.57,3,37.04,25.0
United States,2022-12-31,1,1,0,0,0,1,1,1,0,0,2,3,1,2,5,3,28.71,43.46,3,37.04,25.0
