,GDP,GDP_scaled
2020-01-01,21751.238,87.70918363597933
2020-01-02,20460.198985849856,85.75839436527224
2020-01-03,20467.40148943069,85.76927751175637
2020-01-04,20474.60195620428,85.7801575805785
2020-01-05,20481.80038617074,85.79103457173879
2020-01-06,20488.996779330133,85.80190848523735
2020-01-07,20496.19113568234,85.812779321074
2020-01-08,20503.383455227304,85.82364707924864
2020-01-09,20510.57373796514,85.83451175976145
2020-01-10,20517.761983895907,85.84537336261253
2020-01-11,20524.94819301949,85.8562318878017
2020-01-12,20532.132365335885,85.86708733532893
2020-01-13,20539.314500845096,85.87793970519428
2020-01-14,20546.494599547237,85.88878899739787
2020-01-15,20553.672661442193,85.89963521193954
2020-01-16,20560.848686529964,85.91047834881931
2020-01-17,20568.02267481055,85.92131840803717
2020-01-18,20575.194626284065,85.93215538959328
2020-01-19,20582.364540950453,85.94298929348756
2020-01-20,20589.53241880954,85.95382011971975
2020-01-21,20596.698259861558,85.96464786829021
2020-01-22,20603.862064106448,85.97547253919885
2020-01-23,20611.02383154421,85.98629413244565
2020-01-24,20618.18356217473,85.99711264803045
2020-01-25,20625.341255998064,86.00792808595334
2020-01-26,20632.49691301433,86.01874044621448
2020-01-27,20639.650533223466,86.0295497288138
2020-01-28,20646.80211662536,86.04035593375113
2020-01-29,20653.951663220127,86.05115906102662
2020-01-30,20661.099173007766,86.06195911064029
2020-01-31,20668.244645988336,86.0727560825922
2020-02-01,20675.388082161604,86.08354997688205
2020-02-02,20682.529481527687,86.09434079350997
2020-02-03,20689.66884408676,86.10512853247624
2020-02-04,20696.806169838645,86.1159131937806
2020-02-05,20703.941458783287,86.12669477742295
2020-02-06,20711.07471092092,86.13747328340366
2020-02-07,20718.205926251365,86.14824871172246
2020-02-08,20725.33510477451,86.15902106237915
2020-02-09,20732.462246490584,86.16979033537412
2020-02-10,20739.587351399532,86.18055653070725
2020-02-11,20746.710419501353,86.19131964837855
2020-02-12,20753.83145079593,86.20207968838787
2020-02-13,20760.95044528338,86.21283665073534
2020-02-14,20768.0674029637,86.223590535421
2020-02-15,20775.182323836896,86.23434134244482
2020-02-16,20782.295207902906,86.24508907180673
2020-02-17,20789.40605516167,86.25583372350664
2020-02-18,20796.514865613426,86.2665752975449
2020-02-19,20803.621639257995,86.27731379392124
2020-02-20,20810.72637609532,86.28804921263558
2020-02-21,20817.82907612552,86.2987815536881
2020-02-22,20824.92973934865,86.30951081707887
2020-02-23,20832.02836576465,86.32023700280783
2020-02-24,20839.12495537335,86.33096011087468
2020-02-25,20846.219508174923,86.34168014127971
2020-02-26,20853.312024169427,86.352397094023
2020-02-27,20860.402503356745,86.36311096910438
2020-02-28,20867.490945736878,86.37382176652386
2020-02-29,20874.577351309825,86.38452948628141
2020-03-01,20881.661720075703,86.39523412837721
2020-03-02,20888.744052034453,86.4059356928112
2020-03-03,20895.824347185902,86.4166341795831
2020-03-04,20902.902605530282,86.42732958869325
2020-03-05,20909.978827067534,86.43802192014158
2020-03-06,20917.05301179766,86.44871117392809
2020-03-07,20924.12515972054,86.45939735005258
2020-03-08,20931.195270836237,86.47008044851518
2020-03-09,20938.263345144864,86.48076046931602
2020-03-10,20945.329382646363,86.49143741245504
2020-03-11,20952.39338334062,86.50211127793206
2020-03-12,20959.455347227748,86.51278206574725
2020-03-13,20966.51527430775,86.52344977590062
2020-03-14,20973.573164580623,86.53411440839216
2020-03-15,20980.629018046253,86.5447759632217
2020-03-16,20987.682834704756,86.5554344403894
2020-03-17,20994.73461455619,86.56608983989537
2020-03-18,21001.784357600438,86.57674216173943
2020-03-19,21008.832063837443,86.5873914059215
2020-03-20,21015.87773326732,86.59803757244171
2020-03-21,21022.921365890128,86.60868066130021
2020-03-22,21029.96296170575,86.61932067249678
2020-03-23,21037.002520714188,86.62995760603144
2020-03-24,21044.040042915498,86.64059146190428
2020-03-25,21051.07552830968,86.65122224011529
2020-03-26,21058.10897689662,86.6618499406643
2020-03-27,21065.140388676373,86.67247456355138
2020-03-28,21072.169763649115,86.68309610877682
2020-03-29,21079.197101814672,86.69371457634034
2020-03-30,21086.222403172986,86.70432996624187
2020-03-31,21093.24566772417,86.71494227848156
2020-04-01,19958.291,85.0
2020-04-02,21107.28608640522,86.73615766997557
2020-04-03,21114.303240534908,86.74676074922961
2020-04-04,21121.318357857468,86.75736075082182
2020-04-05,21128.33143837296,86.7679576747523
2020-04-06,21135.342482081265,86.77855152102086
2020-04-07,21142.351488982327,86.78914228962742
2020-04-08,21149.358459076262,86.79972998057215
2020-04-09,21156.363392363128,86.81031459385514
2020-04-10,21163.366288842866,86.82089612947631
2020-04-11,21170.367148515303,86.83147458743538
2020-04-12,21177.365971380612,86.84204996773263
2020-04-13,21184.362757438852,86.85262227036814
2020-04-14,21191.357506689965,86.86319149534182
2020-04-15,21198.350219133834,86.87375764265352
2020-04-16,21205.340894770517,86.88432071230328
2020-04-17,21212.329533600132,86.89488070429131
2020-04-18,21219.31613562262,86.90543761861751
2020-04-19,21226.300700837863,86.91599145528171
2020-04-20,21233.28322924592,86.926542214284
2020-04-21,21240.26372084691,86.93708989562455
2020-04-22,21247.24217564077,86.94763449930326
2020-04-23,21254.21859362739,86.95817602531999
2020-04-24,21261.19297480688,86.96871447367488
2020-04-25,21268.165319179243,86.97924984436794
2020-04-26,21275.13562674448,86.98978213739917
2020-04-27,21282.10389750247,87.00031135276842
2020-04-28,21289.070131453336,87.01083749047584
2020-04-29,21296.034328597132,87.0213605505215
2020-04-30,21302.996488933743,87.03188053290526
2020-05-01,21309.95661246311,87.04239743762702
2020-05-02,21316.91469918535,87.05291126468694
2020-05-03,21323.87074910052,87.06342201408512
2020-05-04,21330.824762208504,87.0739296858214
2020-05-05,21337.776738509245,87.08443427989567
2020-05-06,21344.72667800286,87.09493579630812
2020-05-07,21351.674580689403,87.10543423505882
2020-05-08,21358.62044656882,87.11592959614771
2020-05-09,21365.564275640936,87.1264218795745
2020-05-10,21372.50606790604,87.13691108533963
2020-05-11,21379.44582336396,87.14739721344286
2020-05-12,21386.383542014635,87.15788026388408
2020-05-13,21393.319223858183,87.16836023666347
2020-05-14,21400.252868894604,87.17883713178105
2020-05-15,21407.184477123898,87.18931094923678
2020-05-16,21414.114048546006,87.19978168903062
2020-05-17,21421.04158316087,87.21024935116245
2020-05-18,21427.967080968723,87.22071393563262
2020-05-19,21434.89054196945,87.23117544244096
2020-05-20,21441.811966162873,87.24163387158723
2020-05-21,21448.73135354917,87.25208922307166
2020-05-22,21455.648704128398,87.26254149689436
2020-05-23,21462.56401790044,87.27299069305514
2020-05-24,21469.477294865297,87.283436811554
2020-05-25,21476.38853502297,87.29387985239094
2020-05-26,21483.29773837357,87.30431981556615
2020-05-27,21490.204904917045,87.31475670107955
2020-05-28,21497.11003465322,87.32519050893083
2020-05-29,21504.013127582264,87.3356212391203
2020-05-30,21510.9141837043,87.34604889164811
2020-05-31,21517.81320301909,87.35647346651393
2020-06-01,21524.710185526696,87.36689496371784
2020-06-02,21531.605131227116,87.37731338325982
2020-06-03,21538.498040120525,87.38772872514015
2020-06-04,21545.38891220675,87.39814098935858
2020-06-05,21552.27774748573,87.408550175915
2020-06-06,21559.164545957523,87.4189562848095
2020-06-07,21566.049307622307,87.42935931604234
2020-06-08,21572.932032479905,87.43975926961329
2020-06-09,21579.81272053026,87.45015614552221
2020-06-10,21586.691371773428,87.46054994376924
2020-06-11,21593.567986209586,87.4709406643546
2020-06-12,21600.44256383856,87.48132830727806
2020-06-13,21607.315104660287,87.49171287253952
2020-06-14,21614.18560867489,87.50209436013915
2020-06-15,21621.05407588242,87.51247277007704
2020-06-16,21627.920506282768,87.52284810235301
2020-06-17,21634.78489987587,87.53322035696698
2020-06-18,21641.647256661847,87.54358953391912
2020-06-19,21648.507576640754,87.55395563320954
2020-06-20,21655.365859812533,87.5643186548381
2020-06-21,21662.22210617701,87.57467859880461
2020-06-22,21669.07631573436,87.58503546510926
2020-06-23,21675.928488484642,87.59538925375219
2020-06-24,21682.778624427796,87.60573996473329
2020-06-25,21689.626723563648,87.6160875980523
2020-06-26,21696.47278589249,87.62643215370966
2020-06-27,21703.316811414144,87.6367736317051
2020-06-28,21710.158800128556,87.64711203203854
2020-06-29,21716.99875203584,87.65744735471014
2020-06-30,21723.836667136056,87.66777959972002
2020-07-01,21704.437,87.63846626209852
2020-07-02,21737.50638691493,87.68843485675403
2020-07-03,21744.33819159359,87.69875786877816
2020-07-04,21751.16795946518,87.70907780314056
2020-07-05,21757.995690529584,87.71939465984103
2020-07-06,21764.821384786803,87.72970843887958
2020-07-07,21771.645042236836,87.74001914025624
2020-07-08,21778.4666628798,87.75032676397115
2020-07-09,21785.28624671558,87.76063131002414
2020-07-10,21792.103793744172,87.77093277841523
2020-07-11,21798.91930396558,87.7812311691444
2020-07-12,21805.73277737992,87.79152648221182
2020-07-13,21812.54421398713,87.80181871761742
2020-07-14,21819.353613787098,87.81210787536102
2020-07-15,21826.16097677988,87.8223939554427
2020-07-16,21832.966302965593,87.83267695786265
2020-07-17,21839.76959234418,87.84295688262077
2020-07-18,21846.57084491552,87.85323372971689
2020-07-19,21853.370060679736,87.86350749915118
2020-07-20,21860.167239636823,87.87377819092364
2020-07-21,21866.962381786783,87.88404580503428
2020-07-22,21873.7554871295,87.89431034148292
2020-07-23,21880.54655566509,87.90457180026974
2020-07-24,21887.33558739355,87.9148301813947
2020-07-25,21894.122582314885,87.92508548485787
2020-07-26,21900.907540429034,87.9353377106591
2020-07-27,21907.69046173594,87.94558685879835
2020-07-28,21914.471346235834,87.95583292927594
2020-07-29,21921.250193928543,87.9660759220916
2020-07-30,21928.027004814066,87.97631583724537
2020-07-31,21934.801778892404,87.98655267473721
2020-08-01,21941.574516163673,87.99678643456733
2020-08-02,21948.345216627757,88.00701711673551
2020-08-03,21955.113880284596,88.0172447212417
2020-08-04,21961.88050713431,88.02746924808605
2020-08-05,21968.645097176952,88.03769069726869
2020-08-06,21975.407650412468,88.04790906878948
2020-08-07,21982.16816684074,88.05812436264827
2020-08-08,21988.926646461827,88.06833657884516
2020-08-09,21995.683089275844,88.07854571738031
2020-08-10,22002.437495282735,88.08875177825362
2020-08-11,22009.189864482323,88.09895476146484
2020-08-12,22015.940196874843,88.10915466701432
2020-08-13,22022.688492460293,88.11935149490208
2020-08-14,22029.4347512385,88.12954524512782
2020-08-15,22036.17897320952,88.13973591769164
2020-08-16,22042.921158373472,88.14992351259374
2020-08-17,22049.66130673024,88.1601080298339
2020-08-18,22056.39941827976,88.1702894694121
2020-08-19,22063.135493022157,88.18046783132844
2020-08-20,22069.869530957483,88.19064311558304
2020-08-21,22076.601532085682,88.20081532217583
2020-08-22,22083.331496406638,88.21098445110661
2020-08-23,22090.059423920407,88.22115050237548
2020-08-24,22096.785314627108,88.2313134759826
2020-08-25,22103.50916852668,88.24147337192791
2020-08-26,22110.23098561901,88.25163019021122
2020-08-27,22116.950765904156,88.26178393083259
2020-08-28,22123.66850938223,88.27193459379224
2020-08-29,22130.38421605318,88.28208217909005
2020-08-30,22137.097885916883,88.29222668672588
2020-08-31,22143.8095189734,88.30236811669977
2020-09-01,22150.51911522291,88.31250646901202
2020-09-02,22157.22667466523,88.32264174366236
2020-09-03,22163.93219730031,88.3327739406507
2020-09-04,22170.635683128203,88.34290305997712
2020-09-05,22177.337132149085,88.3530291016419
2020-09-06,22184.03654436278,88.36315206564475
2020-09-07,22190.733919769234,88.3732719519856
2020-09-08,22197.42925836856,88.38338876066462
2020-09-09,22204.122560160817,88.39350249168191
2020-09-10,22210.813825145888,88.40361314503728
2020-09-11,22217.503053323715,88.41372072073065
2020-09-12,22224.190244694415,88.4238252187622
2020-09-13,22230.875399258046,88.43392663913201
2020-09-14,22237.55851701449,88.4440249818399
2020-09-15,22244.23959796375,88.45412024688588
2020-09-16,22250.918642105826,88.46421243426994
2020-09-17,22257.59564944083,88.47430154399225
2020-09-18,22264.27061996865,88.48438757605267
2020-09-19,22270.943553689285,88.49447053045117
2020-09-20,22277.614450602734,88.50455040718774
2020-09-21,22284.283310709114,88.51462720626259
2020-09-22,22290.950134008366,88.5247009276756
2020-09-23,22297.614920500375,88.5347715714266
2020-09-24,22304.277670185198,88.54483913751571
2020-09-25,22310.938383062952,88.55490362594307
2020-09-26,22317.59705913358,88.5649650367086
2020-09-27,22324.253698396962,88.57502336981213
2020-09-28,22330.90830085316,88.58507862525374
2020-09-29,22337.560866502405,88.5951308030338
2020-09-30,22344.211395344348,88.60517990315176
2020-10-01,22087.16,88.21676940698396
2020-10-02,22357.506342606794,88.62526887040212
2020-10-03,22364.150761027297,88.6353087375345
2020-10-04,22370.793142640614,88.64534552700499
2020-10-05,22377.433487446746,88.65537923881357
2020-10-06,22384.07179544581,88.66540987296038
2020-10-07,22390.708066637744,88.6754374294454
2020-10-08,22397.342301022436,88.6854619082684
2020-10-09,22403.974498599942,88.69548330942948
2020-10-10,22410.60465937038,88.70550163292882
2020-10-11,22417.23278333369,88.71551687876632
2020-10-12,22423.858870489756,88.72552904694186
2020-10-13,22430.482920838636,88.73553813745545
2020-10-14,22437.104934380506,88.74554415030741
2020-10-15,22443.72491111519,88.75554708549744
2020-10-16,22450.34285104263,88.76554694302547
2020-10-17,22456.958754162886,88.7755437228916
2020-10-18,22463.57262047613,88.78553742509607
2020-10-19,22470.18444998219,88.79552804963862
2020-10-20,22476.794242681004,88.80551559651917
2020-10-21,22483.40199857269,88.8155000657379
2020-10-22,22490.007717657252,88.82548145729479
2020-10-23,22496.611399934744,88.83545977118996
2020-10-24,22503.213045404933,88.84543500742302
2020-10-25,22509.812654067995,88.85540716599427
2020-10-26,22516.410225923988,88.86537624690376
2020-10-27,22523.005760972796,88.87534225015136
2020-10-28,22529.59925921436,88.88530517573695
2020-10-29,22536.190720648796,88.89526502366071
2020-10-30,22542.780145276163,88.90522179392273
2020-10-31,22549.367533096403,88.91517548652293
2020-11-01,22555.95288410934,88.92512610146103
2020-11-02,22562.53619831521,88.9350736387374
2020-11-03,22569.117475713952,88.94501809835194
2020-11-04,22575.69671630551,88.95495948030457
2020-11-05,22582.27392008988,88.96489778459528
2020-11-06,22588.849087067065,88.97483301122408
2020-11-07,22595.42221723724,88.98476516019122
2020-11-08,22601.99331060017,88.99469423149637
2020-11-09,22608.562367155915,89.0046202251396
2020-11-10,22615.129386904533,89.01454314112101
2020-11-11,22621.694369846024,89.02446297944059
2020-11-12,22628.257315980387,89.03437974009833
2020-11-13,22634.818225307507,89.04429342309408
2020-11-14,22641.37709782744,89.0542040284279
2020-11-15,22647.933933540364,89.06411155610009
2020-11-16,22654.4887324461,89.07401600611036
2020-11-17,22661.041494544595,89.08391737845862
2020-11-18,22667.59221983602,89.09381567314514
2020-11-19,22674.140908320318,89.10371089016985
2020-11-20,22680.687559997372,89.11360302953256
2020-11-21,22687.23217486724,89.12349209123333
2020-11-22,22693.77475293004,89.13337807527238
2020-11-23,22700.31529418571,89.1432609816496
2020-11-24,22706.85379863414,89.15314081036482
2020-11-25,22713.390266275383,89.16301756141812
2020-11-26,22719.924697109614,89.17289123480975
2020-11-27,22726.45709113666,89.1827618305395
2020-11-28,22732.987448356464,89.19262934860723
2020-11-29,22739.51576876908,89.20249378901306
2020-11-30,22746.042052374687,89.21235515175722
2020-12-01,22752.566299173108,89.22221343683947
2020-12-02,22759.088509164285,89.23206864425973
2020-12-03,22765.608682348335,89.24192077401815
2020-12-04,22772.126818725257,89.25176982611475
2020-12-05,22778.64291829511,89.2616158005496
2020-12-06,22785.156981057662,89.27145869732237
2020-12-07,22791.669007013086,89.28129851643332
2020-12-08,22798.17899616144,89.29113525788253
2020-12-09,22804.68694850261,89.3009689216698
2020-12-10,22811.192864036537,89.31079950779511
2020-12-11,22817.696742763335,89.32062701625856
2020-12-12,22824.198584683065,89.33045144706028
2020-12-13,22830.698389795667,89.34027280020018
2020-12-14,22837.196158100967,89.350091075678
2020-12-15,22843.69188959914,89.35990627349398
2020-12-16,22850.185584290244,89.36971839364821
2020-12-17,22856.67724217422,89.37952743614062
2020-12-18,22863.166863250954,89.38933340097103
2020-12-19,22869.6544475205,89.39913628813953
2020-12-20,22876.13999498298,89.40893609764629
2020-12-21,22882.62350563833,89.41873282949122
2020-12-22,22889.104979486438,89.42852648367415
2020-12-23,22895.58441652736,89.43831706019516
2020-12-24,22902.06181676127,89.44810455905453
2020-12-25,22908.537180187996,89.45788898025197
2020-12-26,22915.01050680742,89.46767032378733
2020-12-27,22921.481796619773,89.47744858966095
2020-12-28,22927.951049625,89.48722377787274
2020-12-29,22934.41826582316,89.4969958884228
2020-12-30,22940.883445214015,89.50676492131078
2020-12-31,22947.346587797685,89.51653087653682
2021-01-01,22680.693,89.11361124950007
2021-01-02,22960.26676254382,89.5360535540037
2021-01-03,22966.72379470605,89.5458102762442
2021-01-04,22973.17879006127,89.55556392082302
2021-01-05,22979.631748609245,89.56531448773984
2021-01-06,22986.082670350035,89.57506197699476
2021-01-07,22992.5315552837,89.58480638858785
2021-01-08,22998.978403410234,89.59454772251911
2021-01-09,23005.423214729642,89.60428597878855
2021-01-10,23011.865989241807,89.61402115739598
2021-01-11,23018.306726946787,89.62375325834151
2021-01-12,23024.745427844755,89.63348228162536
2021-01-13,23031.182091935538,89.64320822724733
2021-01-14,23037.616719219077,89.65293109520726
2021-01-15,23044.04930969549,89.6626508855054
2021-01-16,23050.47986336483,89.67236759814179
2021-01-17,23056.90838022699,89.68208123311626
2021-01-18,23063.334860281902,89.69179179042872
2021-01-19,23069.75930352969,89.70149927007937
2021-01-20,23076.181709970406,89.71120367206828
2021-01-21,23082.602079603937,89.72090499639526
2021-01-22,23089.020412430225,89.73060324306024
2021-01-23,23095.436708449386,89.74029841206341
2021-01-24,23101.850967661478,89.74999050340483
2021-01-25,23108.263190066442,89.75967951708444
2021-01-26,23114.673375664104,89.76936545310193
2021-01-27,23121.08152445464,89.77904831145761
2021-01-28,23127.487636438105,89.78872809215156
2021-01-29,23133.891711614444,89.79840479518367
2021-01-30,23140.29374998354,89.80807842055377
2021-01-31,23146.69375154545,89.81774896826197
2021-02-01,23153.09171630029,89.82741643830843
2021-02-02,23159.487644248,89.83708083069305
2021-02-03,23165.88153538847,89.84674214541567
2021-02-04,23172.273389721755,89.85640038247641
2021-02-05,23178.66320724797,89.86605554187537
2021-02-06,23185.050987967057,89.87570762361253
2021-02-07,23191.4367318789,89.88535662768767
2021-02-08,23197.820438983617,89.89500255410098
2021-02-09,23204.202109281207,89.90464540285248
2021-02-10,23210.58174277167,89.91428517394215
2021-02-11,23216.959339454887,89.92392186736981
2021-02-12,23223.334899330977,89.93355548313565
2021-02-13,23229.7084224,89.94318602123975
2021-02-14,23236.079908661835,89.95281348168194
2021-02-15,23242.449358116428,89.96243786446212
2021-02-16,23248.816770763893,89.97205916958048
2021-02-17,23255.18214660423,89.981677397037
2021-02-18,23261.5454856375,89.9912925468318
2021-02-19,23267.906787863467,90.0009046189645
2021-02-20,23274.266053282423,90.01051361343553
2021-02-21,23280.623281894135,90.02011953024459
2021-02-22,23286.978473698662,90.02972236939172
2021-02-23,23293.33162869606,90.03932213087703
2021-02-24,23299.682746886334,90.04891881470051
2021-02-25,23306.031828269537,90.05851242086226
2021-02-26,23312.37887284544,90.0681029493619
2021-02-27,23318.723880614154,90.07769040019963
2021-02-28,23325.06685157586,90.08727477337573
2021-03-01,23331.40778573038,90.09685606888989
2021-03-02,23337.746683077654,90.10643428674206
2021-03-03,23344.083543617802,90.11600942693241
2021-03-04,23350.41836735088,90.12558148946101
2021-03-05,23356.751154276775,90.1351504743277
2021-03-06,23363.081904395483,90.14471638153248
2021-03-07,23369.410617706948,90.15427921107525
2021-03-08,23375.7372942114,90.16383896295636
2021-03-09,23382.061933908728,90.17339563717566
2021-03-10,23388.384536798752,90.18294923373287
2021-03-11,23394.70510288165,90.19249975262824
2021-03-12,23401.023632157536,90.20204719386197
2021-03-13,23407.34012462618,90.21159155743369
2021-03-14,23413.654580287635,90.2211328433435
2021-03-15,23419.966999141907,90.2306710515914
2021-03-16,23426.27738118911,90.24020618217756
2021-03-17,23432.585726429184,90.24973823510189
2021-03-18,23438.892034862016,90.25926721036421
2021-03-19,23445.19630648766,90.26879310796463
2021-03-20,23451.49854130624,90.2783159279033
2021-03-21,23457.798739317688,90.28783567018016
2021-03-22,23464.096900521894,90.297352334795
2021-03-23,23470.393024918973,90.30686592174803
2021-03-24,23476.687112508924,90.3163764310392
2021-03-25,23482.979163291748,90.32588386266858
2021-03-26,23489.269177267328,90.33538821663595
2021-03-27,23495.55715443578,90.34488949294148
2021-03-28,23501.843094797106,90.35438769158519
2021-03-29,23508.126998351363,90.36388281256717
2021-03-30,23514.408865098318,90.37337485588705
2021-03-31,23520.688695038145,90.3828638215451
2021-04-01,23425.91,90.23965106085734
2021-04-02,23533.242244496476,90.40183251987582
2021-04-03,23539.515964014805,90.41131225254821
2021-04-04,23545.787646726007,90.42078890755879
2021-04-05,23552.05729263014,90.43026248490762
2021-04-06,23558.324901727086,90.43973298459454
2021-04-07,23564.590474016848,90.44920040661955
2021-04-08,23570.854009499482,90.45866475098273
2021-04-09,23577.11550817499,90.46812601768409
2021-04-10,23583.374970043253,90.47758420672344
2021-04-11,23589.63239510439,90.48703931810095
2021-04-12,23595.887783358397,90.49649135181664
2021-04-13,23602.141134805337,90.50594030787062
2021-04-14,23608.392449444975,90.51538618626248
2021-04-15,23614.641727277485,90.52482898699252
2021-04-16,23620.88896830287,90.53426871006073
2021-04-17,23627.134172521182,90.54370535546721
2021-04-18,23633.377339932194,90.5531389232116
2021-04-19,23639.61847053608,90.56256941329416
2021-04-20,23645.857564332895,90.57199682571498
2021-04-21,23652.094621322525,90.58142116047388
2021-04-22,23658.32964150497,90.59084241757088
2021-04-23,23664.56262488023,90.60026059700596
2021-04-24,23670.79357144842,90.60967569877928
2021-04-25,23677.022481209424,90.61908772289071
2021-04-26,23683.249354163243,90.62849666934022
2021-04-27,23689.474190309877,90.63790253812782
2021-04-28,23695.69698964944,90.64730532925367
2021-04-29,23701.91775218188,90.6567050427177
2021-04-30,23708.136477907072,90.66610167851974
2021-05-01,23714.35316682508,90.67549523665986
2021-05-02,23720.567818936077,90.68488571713831
2021-05-03,23726.78043423983,90.69427311995477
2021-05-04,23732.9910127364,90.70365744510931
2021-05-05,23739.19955442584,90.71303869260203
2021-05-06,23745.406059308152,90.72241686243292
2021-05-07,23751.61052738334,90.73179195460199
2021-05-08,23757.81295865128,90.74116396910905
2021-05-09,23764.013353112096,90.75053290595429
2021-05-10,23770.211710765783,90.7598987651377
2021-05-11,23776.408031612402,90.76926154665938
2021-05-12,23782.60231565172,90.77862125051895
2021-05-13,23788.794562883908,90.78797787671671
2021-05-14,23794.98477330897,90.79733142525264
2021-05-15,23801.172946926963,90.80668189612683
2021-05-16,23807.359083737654,90.81602928933893
2021-05-17,23813.543183741218,90.8253736048892
2021-05-18,23819.725246937713,90.83471484277774
2021-05-19,23825.905273327022,90.84405300300435
2021-05-20,23832.083262909087,90.85338808556898
2021-05-21,23838.259215684026,90.86272009047175
2021-05-22,23844.433131651895,90.87204901771281
2021-05-23,23850.605010812636,90.88137486729204
2021-05-24,23856.774853166135,90.89069763920926
2021-05-25,23862.942658712447,90.90001733346458
2021-05-26,23869.10842745175,90.90933395005823
2021-05-27,23875.272159383807,90.91864748898988
2021-05-28,23881.43385450862,90.92795795025954
2021-05-29,23887.593512826425,90.93726533386754
2021-05-30,23893.751134337042,90.94656963981362
2021-05-31,23899.906719040475,90.9558708680978
2021-06-01,23906.06026693672,90.96516901872006
2021-06-02,23912.21177802584,90.97446409168049
2021-06-03,23918.361252307892,90.98375608697918
2021-06-04,23924.50868978264,90.9930450046158
2021-06-05,23930.65409045026,91.00233084459057
2021-06-06,23936.797454310814,91.01161360690361
2021-06-07,23942.93878136424,91.02089329155481
2021-06-08,23949.07807161042,91.03016989854402
2021-06-09,23955.215325049416,91.03944342787132
2021-06-10,23961.350541681342,91.04871387953688
2021-06-11,23967.48372150614,91.0579812535406
2021-06-12,23973.61486452364,91.06724554988224
2021-06-13,23979.743970734067,91.07650676856214
2021-06-14,23985.87104013737,91.08576490958022
2021-06-15,23991.996072733542,91.09501997293646
2021-06-16,23998.119068522472,91.1042719586307
2021-06-17,24004.240027504216,91.11352086666304
2021-06-18,24010.35894967895,91.12276669703371
2021-06-19,24016.475835046498,91.13200944974248
2021-06-20,24022.590683606802,91.14124912478925
2021-06-21,24028.70349535992,91.1504857221741
2021-06-22,24034.81427030603,91.15971924189729
2021-06-23,24040.923008444952,91.16894968395857
2021-06-24,24047.02970977663,91.17817704835787
2021-06-25,24053.134374301182,91.1874013350953
2021-06-26,24059.237002018606,91.19662254417094
2021-06-27,24065.33759292896,91.20584067558482
2021-06-28,24071.436147032015,91.21505572933663
2021-06-29,24077.53266432794,91.2242677054266
2021-06-30,24083.627144816797,91.23347660385483
2021-07-01,23982.379,91.08048835762618
2021-07-02,24095.809995372954,91.25188516772556
2021-07-03,24101.898365440255,91.26108483316804
2021-07-04,24107.984698700486,91.2702814209488
2021-07-05,24114.06899515353,91.27947493106764
2021-07-06,24120.15125479939,91.28866536352456
2021-07-07,24126.231477638066,91.29785271831958
2021-07-08,24132.309663669672,91.30703699545283
2021-07-09,24138.38581289415,91.31621819492429
2021-07-10,24144.459925311327,91.32539631673363
2021-07-11,24150.532000921376,91.33457136088116
2021-07-12,24156.602039724414,91.34374332736704
2021-07-13,24162.670041720266,91.35291221619099
2021-07-14,24168.736006908817,91.36207802735287
2021-07-15,24174.799935290357,91.37124076085308
2021-07-16,24180.86182686477,91.38040041669149
2021-07-17,24186.92168163188,91.38955699486777
2021-07-18,24192.979499591864,91.39871049538226
2021-07-19,24199.035280744778,91.407860918235
2021-07-20,24205.089025090565,91.41700826342591
2021-07-21,24211.14073262905,91.42615253095472
2021-07-22,24217.190403360408,91.43529372082172
2021-07-23,24223.238037284755,91.44443183302707
2021-07-24,24229.283634401858,91.4535668675704
2021-07-25,24235.327194711776,91.46269882445182
2021-07-26,24241.368718214508,91.47182770367135
2021-07-27,24247.40820491023,91.4809535052292
2021-07-28,24253.445654798707,91.49007622912507
2021-07-29,24259.48106788,91.499195875359
2021-07-30,24265.514444154163,91.50831244393112
2021-07-31,24271.5457836212,91.51742593484141
2021-08-01,24277.57508628111,91.52653634808988
2021-08-02,24283.602352133777,91.53564368367634
2021-08-03,24289.627581179317,91.54474794160097
2021-08-04,24295.65077341773,91.55384912186379
2021-08-05,24301.671928849013,91.56294722446478
2021-08-06,24307.691047473054,91.57204224940375
2021-08-07,24313.708129289967,91.5811341966809
2021-08-08,24319.723174299812,91.59022306629632
2021-08-09,24325.73618250247,91.59930885824983
2021-08-10,24331.747153897886,91.60839157254132
2021-08-11,24337.756088486174,91.61747120917099
2021-08-12,24343.762986267393,91.62654776813892
2021-08-13,24349.767847241426,91.63562124944494
2021-08-14,24355.770671408274,91.64469165308904
2021-08-15,24361.771458767937,91.65375897907123
2021-08-16,24367.77020932053,91.6628232273917
2021-08-17,24373.766923065938,91.67188439805022
2021-08-18,24379.76160000416,91.68094249104684
2021-08-19,24385.754240135197,91.68999750638156
2021-08-20,24391.744843459164,91.69904944405452
2021-08-21,24397.733409976005,91.70809830406566
2021-08-22,24403.719939685543,91.71714408641472
2021-08-23,24409.704432588012,91.72618679110204
2021-08-24,24415.686888683354,91.73522641812752
2021-08-25,24421.66730797157,91.74426296749118
2021-08-26,24427.64569045254,91.75329643919284
2021-08-27,24433.622036126326,91.76232683323258
2021-08-28,24439.596344993042,91.77135414961057
2021-08-29,24445.56861705263,91.78037838832677
2021-08-30,24451.538852304977,91.78939954938093
2021-08-31,24457.507050750253,91.79841763277338
2021-09-01,24463.473212388402,91.80743263850398
2021-09-02,24469.43733721925,91.8164445665725
2021-09-03,24475.39942524297,91.8254534169792
2021-09-04,24481.35947645968,91.83445918972424
2021-09-05,24487.317490869144,91.84346188480728
2021-09-06,24493.273468471423,91.85246150222841
2021-09-07,24499.227409266517,91.86145804198762
2021-09-08,24505.179313254543,91.87045150408508
2021-09-09,24511.12918043544,91.87944188852074
2021-09-10,24517.077010809095,91.88842919529438
2021-09-11,24523.022804375563,91.89741342440611
2021-09-12,24528.96656113502,91.90639457585618
2021-09-13,24534.908281087293,91.91537264964435
2021-09-14,24540.847964232322,91.92434764577052
2021-09-15,24546.785610570165,91.93331956423476
2021-09-16,24552.721220100997,91.94228840503736
2021-09-17,24558.654792824644,91.95125416817805
2021-09-18,24564.586328741047,91.96021685365673
2021-09-19,24570.515827850322,91.96917646147358
2021-09-20,24576.44329015247,91.9781329916286
2021-09-21,24582.36871564755,91.9870864441219
2021-09-22,24588.292104335327,91.99603681895309
2021-09-23,24594.213456215977,92.00498411612246
2021-09-24,24600.132771289558,92.01392833563008
2021-09-25,24606.050049555954,92.02286947747581
2021-09-26,24611.965291015105,92.03180754165953
2021-09-27,24617.87849566713,92.04074252818143
2021-09-28,24623.789663512085,92.04967443704157
2021-09-29,24629.698794549913,92.05860326823989
2021-09-30,24635.60588878044,92.06752902177612
2021-10-01,24813.6,92.3364821661896
2021-10-02,24647.413966820168,92.0853712958632
2021-10-03,24653.31495062937,92.09428781641404
2021-10-04,24659.21389763133,92.10320125930288
2021-10-05,24665.110807826102,92.1121116245298
2021-10-06,24671.005681213806,92.121018912095
2021-10-07,24676.898517794383,92.12992312199836
2021-10-08,24682.789317567716,92.13882425423971
2021-10-09,24688.678080533864,92.14772230881914
2021-10-10,24694.564806693,92.15661728573694
2021-10-11,24700.449496044894,92.16550918499274
2021-10-12,24706.3321485896,92.17439800658661
2021-10-13,24712.21276432718,92.18328375051865
2021-10-14,24718.091343257634,92.19216641678888
2021-10-15,24723.96788538096,92.20104600539727
2021-10-16,24729.8423906971,92.20992251634375
2021-10-17,24735.714859206113,92.2187959496284
2021-10-18,24741.58529090794,92.22766630525115
2021-10-19,24747.453685802582,92.23653358321198
2021-10-20,24753.32004389004,92.2453977835109
2021-10-21,24759.184365170426,92.25425890614807
2021-10-22,24765.046649643686,92.26311695112341
2021-10-23,24770.906897309702,92.27197191843675
2021-10-24,24776.765108168533,92.28082380808817
2021-10-25,24782.621282220352,92.28967262007797
2021-10-26,24788.475419464987,92.29851835440581
2021-10-27,24794.327519902377,92.30736101107168
2021-10-28,24800.177583532583,92.31620059007562
2021-10-29,24806.025610355777,92.32503709141793
2021-10-30,24811.871600371785,92.33387051509831
2021-10-31,24817.71555358055,92.34270086111668
2021-11-01,24823.55746998219,92.35152812947324
2021-11-02,24829.3973495767,92.36035232016796
2021-11-03,24835.23519236408,92.36917343320087
2021-11-04,24841.07099834428,92.37799146857185
2021-11-05,24846.904767517233,92.38680642628083
2021-11-06,24852.736499883176,92.39561830632816
2021-11-07,24858.566195441992,92.40442710871366
2021-11-08,24864.393854193506,92.41323283343709
2021-11-09,24870.219476137892,92.42203548049866
2021-11-10,24876.04306127521,92.43083504989852
2021-11-11,24881.86460960534,92.43963154163646
2021-11-12,24887.684121128288,92.44842495571248
2021-11-13,24893.50159584405,92.45721529212659
2021-11-14,24899.31703375274,92.46600255087895
2021-11-15,24905.130434854305,92.47478673196949
2021-11-16,24910.941799148568,92.48356783539793
2021-11-17,24916.751126635703,92.49234586116458
2021-11-18,24922.558417315828,92.50112080926954
2021-11-19,24928.36367118871,92.50989267971252
2021-11-20,24934.166888254404,92.51866147249356
2021-11-21,24939.96806851297,92.5274271876128
2021-11-22,24945.767211964412,92.53618982507021
2021-11-23,24951.564318608725,92.54494938486579
2021-11-24,24957.359388445795,92.55370586699937
2021-11-25,24963.15242147568,92.56245927147103
2021-11-26,24968.943417698552,92.57120959828103
2021-11-27,24974.73237711424,92.57995684742912
2021-11-28,24980.519299722684,92.58870101891522
2021-11-29,24986.304185523943,92.5974421127394
2021-11-30,24992.08703451819,92.60618012890191
2021-12-01,24997.867846705252,92.61491506740253
2021-12-02,25003.64662208507,92.62364692824114
2021-12-03,25009.42336065788,92.6323757114181
2021-12-04,25015.1980624235,92.64110141693314
2021-12-05,25020.97072738182,92.6498240447861
2021-12-06,25026.74135553307,92.65854359497732
2021-12-07,25032.509946877195,92.6672600675067
2021-12-08,25038.27650141419,92.67597346237427
2021-12-09,25044.041019143944,92.68468377957984
2021-12-10,25049.80350006651,92.69339101912348
2021-12-11,25055.563944182068,92.70209518100548
2021-12-12,25061.32235149044,92.71079626522555
2021-12-13,25067.078721991566,92.71949427178365
2021-12-14,25072.833055685565,92.72818920067988
2021-12-15,25078.585352572438,92.73688105191431
2021-12-16,25084.33561265224,92.745569825487
2021-12-17,25090.083835924743,92.7542555213976
2021-12-18,25095.83002239006,92.76293813964628
2021-12-19,25101.574172048364,92.7716176802333
2021-12-20,25107.31628489954,92.78029414315851
2021-12-21,25113.056360943418,92.78896752842164
2021-12-22,25118.794400180166,92.79763783602291
2021-12-23,25124.530402609846,92.80630506596248
2021-12-24,25130.26436823234,92.8149692182401
2021-12-25,25135.996297047648,92.82363029285582
2021-12-26,25141.72618905577,92.83228828980964
2021-12-27,25147.454044256825,92.8409432091017
2021-12-28,25153.179862650693,92.84959505073185
2021-12-29,25158.903644237376,92.85824381470009
2021-12-30,25164.625389016874,92.86688950100641
2021-12-31,25170.345096989302,92.875532109651
2022-01-01,25250.347,92.99641680199483
2022-01-02,25181.77840251266,92.89280809395451
2022-01-03,25187.492000063532,92.90144146961336
2022-01-04,25193.203560807393,92.91007176761055
2022-01-05,25198.91308474407,92.91869898794582
2022-01-06,25204.62057187344,92.92732313061902
2022-01-07,25210.326022195746,92.93594419563046
2022-01-08,25216.029435710923,92.94456218298008
2022-01-09,25221.730812418973,92.95317709266787
2022-01-10,25227.43015231978,92.96178892469366
2022-01-11,25233.127455413458,92.97039767905763
2022-01-12,25238.822721700068,92.97900335575986
2022-01-13,25244.515951179492,92.98760595480016
2022-01-14,25250.207143851672,92.99620547617849
2022-01-15,25255.896299716725,93.00480191989496
2022-01-16,25261.58341877465,93.01339528594963
2022-01-17,25267.268501025508,93.02198557434254
2022-01-18,25272.951546469063,93.03057278507336
2022-01-19,25278.63255510549,93.03915691814237
2022-01-20,25284.311526934907,93.04773797354972
2022-01-21,25289.988461957022,93.05631595129498
2022-01-22,25295.66336017201,93.06489085137841
2022-01-23,25301.33622157987,93.07346267380001
2022-01-24,25307.007046180603,93.08203141855981
2022-01-25,25312.67583397409,93.09059708565758
2022-01-26,25318.342584960454,93.09915967509353
2022-01-27,25324.007299139746,93.10771918686774
2022-01-28,25329.669976511854,93.11627562098005
2022-01-29,25335.330617076717,93.12482897743034
2022-01-30,25340.989220834454,93.1333792562188
2022-01-31,25346.645787785063,93.14192645734545
2022-02-01,25352.300317928602,93.15047058081035
2022-02-02,25357.95281126484,93.15901162661316
2022-02-03,25363.60326779395,93.16754959475415
2022-02-04,25369.251687515993,93.1760844852334
2022-02-05,25374.89807043085,93.18461629805074
2022-02-06,25380.54241653852,93.19314503320615
2022-02-07,25386.184725839004,93.20167069069967
2022-02-08,25391.82499833242,93.21019327053143
2022-02-09,25397.46323401865,93.21871277270128
2022-02-10,25403.099432897696,93.22722919720923
2022-02-11,25408.733594969555,93.23574254405526
2022-02-12,25414.365720234346,93.24425281323954
2022-02-13,25419.99580869201,93.252760004762
2022-02-14,25425.623860342428,93.26126411862245
2022-02-15,25431.249875185662,93.26976515482099
2022-02-16,25436.873853221827,93.27826311335778
2022-02-17,25442.495794450864,93.28675799423277
2022-02-18,25448.115698872658,93.29524979744573
2022-02-19,25453.733566487324,93.3037385229969
2022-02-20,25459.349397294864,93.3122241708862
2022-02-21,25464.963191295275,93.3207067411137
2022-02-22,25470.574948488444,93.3291862336792
2022-02-23,25476.184668874484,93.33766264858286
2022-02-24,25481.792352453398,93.3461359858247
2022-02-25,25487.397999225184,93.35460624540471
2022-02-26,25493.001609189785,93.3630734273228
2022-02-27,25498.603182347142,93.3715375315789
2022-02-28,25504.20271869749,93.37999855817334
2022-03-01,25509.80021824065,93.38845650710587
2022-03-02,25515.395680976624,93.39691137837649
2022-03-03,25520.989106905356,93.4053631719851
2022-03-04,25526.580496027076,93.41381188793207
2022-03-05,25532.16984834167,93.42225752621721
2022-03-06,25537.75716384896,93.43070008684025
2022-03-07,25543.342442549125,93.43913956980145
2022-03-08,25548.925684442336,93.44757597510112
2022-03-09,25554.506889528187,93.45600930273861
2022-03-10,25560.086057806853,93.46443955271417
2022-03-11,25565.663189278508,93.47286672502807
2022-03-12,25571.238283942977,93.48129081968007
2022-03-13,25576.811341800203,93.48971183667007
2022-03-14,25582.3823628503,93.49812977599824
2022-03-15,25587.95134709333,93.50654463766466
2022-03-16,25593.518294529174,93.51495642166918
2022-03-17,25599.083205157775,93.5233651280117
2022-03-18,25604.646078979247,93.53177075669238
2022-03-19,25610.20691599365,93.54017330771134
2022-03-20,25615.765716200927,93.54857278106846
2022-03-21,25621.3224796009,93.55696917676349
2022-03-22,25626.87720619375,93.56536249479669
2022-03-23,25632.429895979527,93.57375273516816
2022-03-24,25637.980548958178,93.5821398978778
2022-03-25,25643.529165129527,93.59052398292535
2022-03-26,25649.075744493748,93.59890499031107
2022-03-27,25654.62028705096,93.60728292003515
2022-03-28,25660.162792800926,93.61565777209721
2022-03-29,25665.703261743707,93.62402954649737
2022-03-30,25671.241693879303,93.6323982432356
2022-03-31,25676.778089207888,93.6407638623122
2022-04-01,25861.292,93.91956857194864
2022-04-02,25687.844769443385,93.65748586747947
2022-04-03,25693.375054350414,93.6658422535703
2022-04-04,25698.903302450315,93.67419556199933
2022-04-05,25704.42951374309,93.68254579276652
2022-04-06,25709.95368822862,93.69089294587171
2022-04-07,25715.475825907022,93.69923702131507
2022-04-08,25720.995926778298,93.70757801909662
2022-04-09,25726.513990842446,93.71591593921633
2022-04-10,25732.03001809941,93.72425078167413
2022-04-11,25737.54400854913,93.73258254646991
2022-04-12,25743.055962191836,93.74091123360407
2022-04-13,25748.56587902736,93.74923684307629
2022-04-14,25754.07375905564,93.75755937488651
2022-04-15,25759.57960227679,93.76587882903492
2022-04-16,25765.083408690873,93.77419520552158
2022-04-17,25770.585178297828,93.78250850434641
2022-04-18,25776.08491109748,93.79081872550915
2022-04-19,25781.582607090008,93.79912586901008
2022-04-20,25787.078266275465,93.80742993484925
2022-04-21,25792.571888653736,93.81573092302652
2022-04-22,25798.063474224822,93.82402883354187
2022-04-23,25803.553022988723,93.8323236663953
2022-04-24,25809.040534945554,93.840615421587
2022-04-25,25814.52601009526,93.84890409911688
2022-04-26,25820.00944843772,93.85718969898474
2022-04-27,25825.49084997305,93.86547222119079
2022-04-28,25830.970214701316,93.87375166573509
2022-04-29,25836.447542622278,93.88202803261731
2022-04-30,25841.922833736113,93.89030132183768
2022-05-01,25847.39608804288,93.89857153339634
2022-05-02,25852.86730554246,93.90683866729307
2022-05-03,25858.336486234854,93.9151027235279
2022-05-04,25863.803630120005,93.92336370210072
2022-05-05,25869.268737198203,93.93162160301196
2022-05-06,25874.731807469158,93.93987642626121
2022-05-07,25880.192840932927,93.94812817184854
2022-05-08,25885.65183758951,93.95637683977398
2022-05-09,25891.108797439025,93.96462243003765
2022-05-10,25896.563720481412,93.97286494263952
2022-05-11,25902.016606716497,93.98110437757927
2022-05-12,25907.467456144514,93.98934073485731
2022-05-13,25912.916268765402,93.99757401447351
2022-05-14,25918.363044579164,94.00580421642789
2022-05-15,25923.807783585682,94.01403134072027
2022-05-16,25929.250485785014,94.02225538735071
2022-05-17,25934.691151177278,94.03047635631944
2022-05-18,25940.129779762414,94.03869424762632
2022-05-19,25945.566371540306,94.04690906127121
2022-05-20,25951.00092651107,94.05512079725429
2022-05-21,25956.43344467471,94.06332945557551
2022-05-22,25961.863926031278,94.07153503623502
2022-05-23,25967.292370580544,94.07973753923243
2022-05-24,25972.718778322625,94.08793696456792
2022-05-25,25978.143149257696,94.09613331224176
2022-05-26,25983.56548338558,94.10432658225369
2022-05-27,25988.98578070622,94.11251677460362
2022-05-28,25994.404041219736,94.12070388929172
2022-05-29,25999.82026492618,94.12888792631807
2022-05-30,26005.234451825498,94.13706888568262
2022-05-31,26010.646601917513,94.14524676738506
2022-06-01,26016.0567152024,94.15342157142567
2022-06-02,26021.46479168022,94.16159329780456
2022-06-03,26026.870831350854,94.16976194652152
2022-06-04,26032.274834214302,94.17792751757656
2022-06-05,26037.676800270565,94.1860900109697
2022-06-06,26043.07672951976,94.1942494267011
2022-06-07,26048.474621961825,94.20240576477067
2022-06-08,26053.87047759659,94.21055902517816
2022-06-09,26059.264296424284,94.2187092079239
2022-06-10,26064.656078444852,94.2268563130078
2022-06-11,26070.045823658293,94.2350003404299
2022-06-12,26075.43353206443,94.2431412901899
2022-06-13,26080.81920366356,94.25127916228824
2022-06-14,26086.20283845556,94.25941395672476
2022-06-15,26091.58443644026,94.2675456734992
2022-06-16,26096.96399761783,94.2756743126118
2022-06-17,26102.34152198833,94.28379987406267
2022-06-18,26107.717009551707,94.2919223578517
2022-06-19,26113.09046030778,94.30004176397865
2022-06-20,26118.461874256725,94.30815809244378
2022-06-21,26123.831251398602,94.31627134324717
2022-06-22,26129.19859173335,94.32438151638871
2022-06-23,26134.563895260857,94.33248861186827
2022-06-24,26139.927161981177,94.34059262968591
2022-06-25,26145.288391894428,94.3486935698418
2022-06-26,26150.64758500055,94.35679143233588
2022-06-27,26156.00474129943,94.36488621716796
2022-06-28,26161.359860791126,94.37297792433812
2022-06-29,26166.71294347581,94.38106655384662
2022-06-30,26172.063989353308,94.38915210569321
2022-07-01,26336.304,94.63732249177662
2022-07-02,26182.75997068663,94.40531397640048
2022-07-03,26188.10490614269,94.41339029526151
2022-07-04,26193.44780479156,94.4214635364606
2022-07-05,26198.78866663319,94.42953369999772
2022-07-06,26204.127491667692,94.437600785873
2022-07-07,26209.464279895066,94.44566479408647
2022-07-08,26214.799031315313,94.45372572463808
2022-07-09,26220.131745928375,94.4617835775278
2022-07-10,26225.462423734192,94.46983835275552
2022-07-11,26230.791064733,94.47789005032158
2022-07-12,26236.11766892468,94.4859386702258
2022-07-13,26241.442236309056,94.49398421246795
2022-07-14,26246.764766886306,94.50202667704826
2022-07-15,26252.085260656488,94.51006606396685
2022-07-16,26257.403717619483,94.51810237322351
2022-07-17,26262.720137775294,94.52613560481825
2022-07-18,26268.03452112392,94.5341657587511
2022-07-19,26273.346867665474,94.54219283502219
2022-07-20,26278.657177399902,94.55021683363145
2022-07-21,26283.96545032703,94.55823775457864
2022-07-22,26289.271686447086,94.56625559786409
2022-07-23,26294.575885760016,94.5742703634877
2022-07-24,26299.87804826582,94.58228205144948
2022-07-25,26305.17817396432,94.59029066174918
2022-07-26,26310.47626285575,94.59829619438713
2022-07-27,26315.772314940055,94.60629864936328
2022-07-28,26321.066330217232,94.61429802667757
2022-07-29,26326.358308687166,94.6222943263299
2022-07-30,26331.64825035003,94.63028754832044
2022-07-31,26336.936155205767,94.63827769264918
2022-08-01,26342.222023254202,94.64626475931584
2022-08-02,26347.50585449551,94.65424874832065
2022-08-03,26352.78764892975,94.66222965966374
2022-08-04,26358.06740655686,94.670207493345
2022-08-05,26363.345127376728,94.67818224936426
2022-08-06,26368.62081138941,94.68615392772159
2022-08-07,26373.894458595023,94.69412252841718
2022-08-08,26379.16606899351,94.70208805145097
2022-08-09,26384.43564258475,94.71005049682273
2022-08-10,26389.703179368807,94.71800986453259
2022-08-11,26394.968679345795,94.7259661545807
2022-08-12,26400.232142515655,94.733919366967
2022-08-13,26405.49356887827,94.7418695016913
2022-08-14,26410.75295843376,94.74981655875376
2022-08-15,26416.010311182123,94.7577605381544
2022-08-16,26421.265627123357,94.7657014398932
2022-08-17,26426.518906257348,94.77363926397001
2022-08-18,26431.77014858421,94.78157401038499
2022-08-19,26437.019354104006,94.78950567913823
2022-08-20,26442.266522816615,94.79743427022956
2022-08-21,26447.51165472198,94.80535978365889
2022-08-22,26452.75474982022,94.81328221942638
2022-08-23,26457.995808111387,94.82120157753215
2022-08-24,26463.23482959537,94.82911785797599
2022-08-25,26468.47181427211,94.83703106075782
2022-08-26,26473.706762141723,94.84494118587784
2022-08-27,26478.939673204266,94.85284823333612
2022-08-28,26484.170547459682,94.86075220313258
2022-08-29,26489.399384907796,94.86865309526695
2022-08-30,26494.626185548783,94.87655090973948
2022-08-31,26499.8509493827,94.88444564655026
2022-09-01,26505.07367640949,94.89233730569924
2022-09-02,26510.294366629038,94.90022588718621
2022-09-03,26515.5130200414,94.90811139101126
2022-09-04,26520.72963664669,94.91599381717458
2022-09-05,26525.944216444856,94.92387316567607
2022-09-06,26531.156759435777,94.93174943651555
2022-09-07,26536.367265619512,94.93962262969312
2022-09-08,26541.57573499618,94.94749274520895
2022-09-09,26546.782167565718,94.95535978306296
2022-09-10,26551.986563328013,94.96322374325496
2022-09-11,26557.188922283123,94.97108462578504
2022-09-12,26562.389244431222,94.97894243065349
2022-09-13,26567.587529772136,94.98679715786
2022-09-14,26572.783778305806,94.99464880740453
2022-09-15,26577.977990032407,95.00249737928732
2022-09-16,26583.17016495188,95.01034287350826
2022-09-17,26588.36030306411,95.01818529006721
2022-09-18,26593.548404369154,95.02602462896425
2022-09-19,26598.73446886713,95.03386089019955
2022-09-20,26603.918496557977,95.04169407377303
2022-09-21,26609.10048744158,95.04952417968451
2022-09-22,26614.280441518,95.05735120793406
2022-09-23,26619.45835878735,95.06517515852187
2022-09-24,26624.63423924957,95.07299603144787
2022-09-25,26629.80808290455,95.08081382671186
2022-09-26,26634.9798897524,95.08862854431402
2022-09-27,26640.149659793125,95.09644018425436
2022-09-28,26645.317393026722,95.10424874653287
2022-09-29,26650.483089453075,95.11205423114937
2022-09-30,26655.6467490723,95.11985663810405
2022-10-01,26770.514,95.29342366296494
2022-10-02,26665.96795788943,95.13545221902802
2022-10-03,26671.125507087156,95.14324539299704
2022-10-04,26676.281019477756,95.15103548930423
2022-10-05,26681.43449506123,95.15882250794962
2022-10-06,26686.585933837632,95.16660644893325
2022-10-07,26691.735335806734,95.1743873122548
2022-10-08,26696.88270096871,95.1821650979145
2022-10-09,26702.028029323614,95.18993980591249
2022-10-10,26707.171320871334,95.19771143624854
2022-10-11,26712.312575611868,95.20547998892269
2022-10-12,26717.451793545217,95.21324546393492
2022-10-13,26722.588974671497,95.22100786128543
2022-10-14,26727.72411899059,95.22876718097402
2022-10-15,26732.8572265025,95.23652342300068
2022-10-16,26737.988297207223,95.24427658736542
2022-10-17,26743.117331104877,95.25202667406845
2022-10-18,26748.244328195404,95.25977368310963
2022-10-19,26753.369288478687,95.26751761448881
2022-10-20,26758.492211954785,95.27525846820609
2022-10-21,26763.61309862387,95.28299624426171
2022-10-22,26768.731948485714,95.29073094265532
2022-10-23,26773.848761540372,95.29846256338702
2022-10-24,26778.963537787902,95.30619110645691
2022-10-25,26784.076277228305,95.31391657186495
2022-10-26,26789.18697986158,95.32163895961116
2022-10-27,26794.295645687613,95.32935826969539
2022-10-28,26799.402274706517,95.33707450211779
2022-10-29,26804.506866918295,95.34478765687835
2022-10-30,26809.609422323003,95.35249773397717
2022-10-31,26814.70994092041,95.36020473341392
2022-11-01,26819.80842271069,95.36790865518883
2022-11-02,26824.904867693956,95.37560949930209
2022-11-03,26829.999275869923,95.38330726575326
2022-11-04,26835.091647238703,95.39100195454252
2022-11-05,26840.181981800415,95.39869356567004
2022-11-06,26845.270279555,95.40638209913573
2022-11-07,26850.35654050234,95.41406755493941
2022-11-08,26855.440764642495,95.42174993308119
2022-11-09,26860.52295197564,95.42942923356131
2022-11-10,26865.6031025016,95.43710545637953
2022-11-11,26870.681216220313,95.44477860153572
2022-11-12,26875.7572931319,95.4524486690301
2022-11-13,26880.83133323636,95.46011565886266
2022-11-14,26885.903336533753,95.46777957103347
2022-11-15,26890.973303023842,95.4754404055422
2022-11-16,26896.041232706746,95.48309816238901
2022-11-17,26901.10712558264,95.49075284157416
2022-11-18,26906.170981651347,95.49840444309741
2022-11-19,26911.23280091287,95.50605296695875
2022-11-20,26916.292583367205,95.51369841315815
2022-11-21,26921.350329014473,95.52134078169584
2022-11-22,26926.406037854555,95.5289800725716
2022-11-23,26931.459709887393,95.53661628578536
2022-11-24,26936.511345113104,95.5442494213373
2022-11-25,26941.560943531804,95.55187947922758
2022-11-26,26946.60850514326,95.55950645945586
2022-11-27,26951.65402994753,95.56713036202223
2022-11-28,26956.697517944616,95.57475118692668
2022-11-29,26961.738969134632,95.58236893416938
2022-11-30,26966.77838351752,95.58998360375027
2022-12-01,26971.81576109311,95.59759519566907
2022-12-02,26976.851101861626,95.60520370992613
2022-12-03,26981.884405823017,95.61280914652136
2022-12-04,26986.91567297728,95.62041150545477
2022-12-05,26991.9449033243,95.62801078672616
2022-12-06,26996.972096864134,95.63560699033565
2022-12-07,27001.997253596957,95.64320011628348
2022-12-08,27007.020373522595,95.6507901645694
2022-12-09,27012.04145664099,95.65837713519332
2022-12-10,27017.060502952198,95.66596102815534
2022-12-11,27022.077512456395,95.6735418434557
2022-12-12,27027.092485153407,95.68111958109412
2022-12-13,27032.105421043176,95.68869424107056
2022-12-14,27037.116320125817,95.69626582338518
2022-12-15,27042.12518240139,95.70383432803806
2022-12-16,27047.132007869775,95.711399755029
2022-12-17,27052.13679653092,95.71896210435796
2022-12-18,27057.139548384934,95.72652137602509
2022-12-19,27062.14026343194,95.73407757003056
2022-12-20,27067.13894167164,95.74163068637395
2022-12-21,27072.135583104216,95.74918072505552
2022-12-22,27077.130187729665,95.75672768607527
2022-12-23,27082.122755547985,95.76427156943316
2022-12-24,27087.113286559063,95.77181237512907
2022-12-25,27092.101780763012,95.77935010316315
2022-12-26,27097.088238159835,95.7868847535354
2022-12-27,27102.07265874959,95.79441632624591
2022-12-28,27107.05504253204,95.80194482129434
2022-12-29,27112.035389507306,95.80947023868086
2022-12-30,27117.01369967556,95.81699257840572
2022-12-31,27121.98997303669,95.82451184046874
2023-01-01,27216.445,95.9672355313447
2023-01-02,27131.936409337213,95.8395411316088
2023-01-03,27136.906572276843,95.84705116068618
2023-01-04,27141.874698409287,95.85455811210164
2023-01-05,27146.840787734487,95.86206198585509
2023-01-06,27151.80484025256,95.86956278194674
2023-01-07,27156.766855963564,95.87706050037661
2023-01-08,27161.72683486744,95.88455514114469
2023-01-09,27166.684776964074,95.89204670425076
2023-01-10,27171.64068225352,95.89953518969492
2023-01-11,27176.5945507359,95.90702059747733
2023-01-12,27181.54638241115,95.91450292759791
2023-01-13,27186.4961772791,95.9219821800564
2023-01-14,27191.44393533998,95.92945835485315
2023-01-15,27196.389656593732,95.93693145198809
2023-01-16,27201.333341040357,95.94440147146119
2023-01-17,27206.27498867974,95.9518684132723
2023-01-18,27211.214599511935,95.95933227742148
2023-01-19,27216.152173537062,95.96679306390894
2023-01-20,27221.087710755062,95.97425077273455
2023-01-21,27226.02121116582,95.98170540389818
2023-01-22,27230.952674769447,95.98915695739996
2023-01-23,27235.88210156595,95.99660543323992
2023-01-24,27240.80949155538,96.00405083141816
2023-01-25,27245.73484473751,96.0114931519343
2023-01-26,27250.658161112457,96.01893239478852
2023-01-27,27255.57944068039,96.02636855998108
2023-01-28,27260.49868344114,96.03380164751175
2023-01-29,27265.415889394702,96.0412316573805
2023-01-30,27270.33105854102,96.04865858958723
2023-01-31,27275.24419088033,96.05608244413233
2023-02-01,27280.15528641251,96.0635032210156
2023-02-02,27285.06434513739,96.07092092023676
2023-02-03,27289.971367055143,96.07833554179611
2023-02-04,27294.876352165826,96.08574708569371
2023-02-05,27299.77930046938,96.0931555519295
2023-02-06,27304.680211965635,96.10056094050319
2023-02-07,27309.579086654878,96.10796325141523
2023-02-08,27314.475924536935,96.11536248466535
2023-02-09,27319.37072561175,96.12275864025347
2023-02-10,27324.263489879435,96.13015171817977
2023-02-11,27329.154217339994,96.13754171844424
2023-02-12,27334.042907993484,96.14492864104697
2023-02-13,27338.92956183967,96.15231248598761
2023-02-14,27343.814178878732,96.15969325326643
2023-02-15,27348.696759110724,96.1670709428835
2023-02-16,27353.57730253553,96.17444555483867
2023-02-17,27358.45580915315,96.18181708913191
2023-02-18,27363.332278963528,96.18918554576317
2023-02-19,27368.206711966952,96.19655092473283
2023-02-20,27373.079108163132,96.20391322604053
2023-02-21,27377.949467552127,96.21127244968628
2023-02-22,27382.817790133937,96.21862859567014
2023-02-23,27387.684075908677,96.22598166399226
2023-02-24,27392.54832487629,96.23333165465253
2023-02-25,27397.4105370366,96.24067856765072
2023-02-26,27402.270712389785,96.24802240298709
2023-02-27,27407.12885093596,96.25536316066182
2023-02-28,27411.984952674946,96.26270084067463
2023-03-01,27416.83901760663,96.27003544302534
2023-03-02,27421.691045731248,96.2773669677143
2023-03-03,27426.541037048737,96.28469541474145
2023-03-04,27431.3889915591,96.29202078410677
2023-03-05,27436.234909262217,96.2993430758101
2023-03-06,27441.078790158208,96.30666228985159
2023-03-07,27445.92063424707,96.31397842623124
2023-03-08,27450.760441528808,96.32129148494909
2023-03-09,27455.5982120033,96.32860146600493
2023-03-10,27460.433945670666,96.33590836939894
2023-03-11,27465.267642530962,96.3432121951312
2023-03-12,27470.099302584073,96.35051294320157
2023-03-13,27474.92892582994,96.35781061360993
2023-03-14,27479.75651226868,96.36510520635645
2023-03-15,27484.58206190035,96.37239672144123
2023-03-16,27489.405574724835,96.3796851588641
2023-03-17,27494.227050742134,96.38697051862508
2023-03-18,27499.04648995225,96.39425280072412
2023-03-19,27503.863892355294,96.40153200516143
2023-03-20,27508.679257951153,96.40880813193681
2023-03-21,27513.492586739827,96.41608118105029
2023-03-22,27518.303878721315,96.42335115250185
2023-03-23,27523.113133895735,96.43061804629168
2023-03-24,27527.92035226297,96.4378818624196
2023-03-25,27532.725533823017,96.44514260088559
2023-03-26,27537.528678575996,96.45240026168986
2023-03-27,27542.32978652179,96.45965484483219
2023-03-28,27547.12885766034,96.46690635031254
2023-03-29,27551.925891991763,96.47415477813105
2023-03-30,27556.720889516117,96.48140012828782
2023-03-31,27561.513850233285,96.48864240078268
2023-04-01,27530.055,96.44110736362947
2023-04-02,27571.093661246065,96.50311771278666
2023-04-03,27575.880511541793,96.51035075229595
2023-04-04,27580.665325030335,96.51758071414334
2023-04-05,27585.448101711692,96.5248075983288
2023-04-06,27590.228841585864,96.53203140485235
2023-04-07,27595.007544652966,96.53925213371417
2023-04-08,27599.78421091294,96.54646978491415
2023-04-09,27604.558840365615,96.55368435845205
2023-04-10,27609.33143301122,96.56089585432821
2023-04-11,27614.101988849696,96.56810427254253
2023-04-12,27618.870507881045,96.57530961309503
2023-04-13,27623.63699010515,96.58251187598553
2023-04-14,27628.40143552207,96.58971106121412
2023-04-15,27633.163844131923,96.59690716878097
2023-04-16,27637.924215934647,96.60410019868598
2023-04-17,27642.682550930127,96.611290150929
2023-04-18,27647.43884911848,96.6184770255102
2023-04-19,27652.193110499706,96.62566082242955
2023-04-20,27656.945335073804,96.6328415416871
2023-04-21,27661.69552284066,96.64001918328263
2023-04-22,27666.443673800386,96.64719374721633
2023-04-23,27671.189787953044,96.6543652334883
2023-04-24,27675.933865298517,96.66153364209836
2023-04-25,27680.675905836746,96.66869897304642
2023-04-26,27685.415909567848,96.67586122633266
2023-04-27,27690.15387649188,96.68302040195715
2023-04-28,27694.889806608728,96.69017649991972
2023-04-29,27699.62369991839,96.69732952022038
2023-04-30,27704.355556420807,96.70447946285904
2023-05-01,27709.085376116214,96.71162632783604
2023-05-02,27713.813159004494,96.71877011515122
2023-05-03,27718.538905085472,96.72591082480432
2023-05-04,27723.262614359322,96.73304845679557
2023-05-05,27727.984286826162,96.7401830111252
2023-05-06,27732.703922485758,96.7473144877928
2023-05-07,27737.42152133817,96.7544428867985
2023-05-08,27742.137083383393,96.76156820814228
2023-05-09,27746.85060862155,96.76869045182431
2023-05-10,27751.562097052578,96.77580961784454
2023-05-11,27756.271548676363,96.78292570620275
2023-05-12,27760.97896349308,96.79003871689923
2023-05-13,27765.68434150261,96.79714864993377
2023-05-14,27770.387682704895,96.80425550530634
2023-05-15,27775.088987100055,96.81135928301708
2023-05-16,27779.788254688145,96.81845998306606
2023-05-17,27784.485485469108,96.82555760545324
2023-05-18,27789.18067944277,96.83265215017832
2023-05-19,27793.873836609302,96.83974361724157
2023-05-20,27798.564956968825,96.84683200664315
2023-05-21,27803.254040521104,96.85391731838276
2023-05-22,27807.941087266197,96.86099955246044
2023-05-23,27812.626097204105,96.8680787088762
2023-05-24,27817.309070334944,96.87515478763024
2023-05-25,27821.990006658656,96.88222778872243
2023-05-26,27826.668906175124,96.88929771215263
2023-05-27,27831.345768884406,96.89636455792092
2023-05-28,27836.020594786678,96.90342832602755
2023-05-29,27840.693383881764,96.91048901647227
2023-05-30,27845.364136169548,96.9175466292549
2023-05-31,27850.032851650263,96.92460116437579
2023-06-01,27854.69953032385,96.93165262183486
2023-06-02,27859.36417219037,96.93870100163218
2023-06-03,27864.026777249586,96.94574630376742
2023-06-04,27868.687345501618,96.95278852824075
2023-06-05,27873.345876946638,96.95982767505242
2023-06-06,27878.002371584473,96.96686374420217
2023-06-07,27882.656829415064,96.97389673568992
2023-06-08,27887.309250438528,96.98092664951585
2023-06-09,27891.959634654922,96.98795348568004
2023-06-10,27896.60798206413,96.99497724418231
2023-06-11,27901.254292666155,97.00199792502266
2023-06-12,27905.898566460935,97.00901552820102
2023-06-13,27910.540803448705,97.01603005371774
2023-06-14,27915.181003629346,97.0230415015726
2023-06-15,27919.819167002686,97.03004987176541
2023-06-16,27924.4552935689,97.03705516429636
2023-06-17,27929.089383328042,97.0440573791656
2023-06-18,27933.72143628006,97.051056516373
2023-06-19,27938.35145242483,97.05805257591838
2023-06-20,27942.97943176242,97.06504555780187
2023-06-21,27947.605374292936,97.0720354620236
2023-06-22,27952.229280016327,97.07902228858353
2023-06-23,27956.851148932474,97.08600603748144
2023-06-24,27961.470981041435,97.09298670871743
2023-06-25,27966.088776343327,97.0999643022917
2023-06-26,27970.704534838093,97.10693881820413
2023-06-27,27975.318256525614,97.11391025645456
2023-06-28,27979.929941406066,97.12087861704325
2023-06-29,27984.53958947939,97.12784389997012
2023-06-30,27989.147200745414,97.1348061052349
2023-07-01,28074.846,97.26429893718341
2023-07-02,27998.356312856136,97.14872128277905
2023-07-03,28002.957813700836,97.15567425505844
2023-07-04,28007.557277738233,97.16262414967574
2023-07-05,28012.15470496856,97.16957096663128
2023-07-06,28016.750095391762,97.17651470592502
2023-07-07,28021.343449007836,97.18345536755692
2023-07-08,28025.934765816608,97.19039295152672
2023-07-09,28030.52404581831,97.1973274578348
2023-07-10,28035.111289012886,97.20425888648104
2023-07-11,28039.696495400334,97.21118723746547
2023-07-12,28044.27966498054,97.21811251078788
2023-07-13,28048.860797753558,97.22503470644838
2023-07-14,28053.439893719566,97.23195382444723
2023-07-15,28058.016952878388,97.23886986478418
2023-07-16,28062.591975229967,97.24578282745911
2023-07-17,28067.16496077442,97.25269271247222
2023-07-18,28071.735909511743,97.2595995198235
2023-07-19,28076.30482144194,97.26650324951297
2023-07-20,28080.87169656495,97.27340390154049
2023-07-21,28085.43653488072,97.28030147590604
2023-07-22,28089.999336389476,97.28719597260992
2023-07-23,28094.560101091047,97.2940873916519
2023-07-24,28099.118828985433,97.30097573303195
2023-07-25,28103.675520072633,97.3078609967501
2023-07-26,28108.230174352764,97.31474318280651
2023-07-27,28112.78279182571,97.321622291201
2023-07-28,28117.33337249147,97.32849832193358
2023-07-29,28121.881916349987,97.33537127500415
2023-07-30,28126.42842340155,97.34224115041316
2023-07-31,28130.97289364587,97.34910794816017
2023-08-01,28135.515327083005,97.35597166824527
2023-08-02,28140.055723712954,97.36283231066844
2023-08-03,28144.594083535834,97.36968987542988
2023-08-04,28149.130406551587,97.3765443625295
2023-08-05,28153.664692760096,97.38339577196712
2023-08-06,28158.19694216142,97.39024410374282
2023-08-07,28162.727154755674,97.39708935785677
2023-08-08,28167.2553305428,97.4039315343089
2023-08-09,28171.781469522684,97.41077063309903
2023-08-10,28176.305571695382,97.41760665422726
2023-08-11,28180.82763706107,97.42443959769382
2023-08-12,28185.34766561957,97.43126946349847
2023-08-13,28189.86565737083,97.43809625164113
2023-08-14,28194.3816123149,97.44491996212184
2023-08-15,28198.89553045208,97.4517405949411
2023-08-16,28203.407411781838,97.4585581500981
2023-08-17,28207.91725630447,97.46537262759327
2023-08-18,28212.42506402009,97.47218402742678
2023-08-19,28216.93083492847,97.4789923495983
2023-08-20,28221.43456902966,97.48579759410791
2023-08-21,28225.936266323668,97.49259976095558
2023-08-22,28230.435926810664,97.49939885014162
2023-08-23,28234.933550490474,97.50619486166573
2023-08-24,28239.42913736304,97.51298779552785
2023-08-25,28243.92268742842,97.51977765172805
2023-08-26,28248.41420068679,97.5265644302666
2023-08-27,28252.903677137976,97.53334813114324
2023-08-28,28257.391116781917,97.54012875435788
2023-08-29,28261.876519618672,97.5469062999106
2023-08-30,28266.359885648417,97.55368076780167
2023-08-31,28270.841214870976,97.56045215803081
2023-09-01,28275.32050728629,97.56722047059797
2023-09-02,28279.79776289448,97.5739857055033
2023-09-03,28284.272981695598,97.58074786274689
2023-09-04,28288.74616368953,97.58750694232856
2023-09-05,28293.21730887622,97.59426294424823
2023-09-06,28297.686417255783,97.60101586850607
2023-09-07,28302.153488828277,97.60776571510218
2023-09-08,28306.618523593585,97.61451248403637
2023-09-09,28311.081521551707,97.62125617530864
2023-09-10,28315.542482702644,97.627996788919
2023-09-11,28320.00140704651,97.63473432486762
2023-09-12,28324.45829458325,97.64146878315444
2023-09-13,28328.91314531269,97.64820016377914
2023-09-14,28333.365959235,97.654928466742
2023-09-15,28337.816736350243,97.66165369204316
2023-09-16,28342.26547665836,97.66837583968247
2023-09-17,28346.71218015923,97.67509490965978
2023-09-18,28351.156846852915,97.68181090197518
2023-09-19,28355.59947673953,97.68852381662884
2023-09-20,28360.04006981902,97.69523365362068
2023-09-21,28364.478626091266,97.7019404129505
2023-09-22,28368.915145556384,97.7086440946185
2023-09-23,28373.349628214375,97.71534469862468
2023-09-24,28377.78207406524,97.72204222496904
2023-09-25,28382.21248310886,97.72873667365138
2023-09-26,28386.640855345293,97.7354280446718
2023-09-27,28391.067190774716,97.7421163380306
2023-09-28,28395.491489396954,97.74880155372747
2023-09-29,28399.91375121195,97.75548369176232
2023-09-30,28404.333976219816,97.76216275213537
2023-10-01,28424.722,97.79296951909237
2023-10-02,28413.168315814226,97.77551163989605
2023-10-03,28417.582430400595,97.78218146728344
2023-10-04,28421.994508179952,97.78884821700917
2023-10-05,28426.404549152125,97.795511889073
2023-10-06,28430.812553316995,97.80217248347472
2023-10-07,28435.218520674796,97.80883000021471
2023-10-08,28439.62245122547,97.81548443929287
2023-10-09,28444.024344969017,97.82213580070922
2023-10-10,28448.42420190532,97.82878408446355
2023-10-11,28452.822022034496,97.83542929055605
2023-10-12,28457.217805356602,97.84207141898682
2023-10-13,28461.611551871523,97.84871046975567
2023-10-14,28466.0032615792,97.85534644286253
2023-10-15,28470.39293447975,97.86197933830755
2023-10-16,28474.780570573173,97.86860915609076
2023-10-17,28479.166169859527,97.87523589621222
2023-10-18,28483.54973233858,97.88185955867158
2023-10-19,28487.931258010503,97.88848014346914
2023-10-20,28492.31074687536,97.89509765060492
2023-10-21,28496.68819893303,97.90171208007882
2023-10-22,28501.063614183455,97.90832343189071
2023-10-23,28505.436992626754,97.91493170604078
2023-10-24,28509.808334262983,97.9215369025291
2023-10-25,28514.177639092086,97.92813902135559
2023-10-26,28518.544907113945,97.93473806252008
2023-10-27,28522.910138328618,97.94133402602267
2023-10-28,28527.273332736222,97.9479269118635
2023-10-29,28531.6344903367,97.95451672004252
2023-10-30,28535.993611129874,97.96110345055945
2023-10-31,28540.35069511592,97.96768710341453
2023-11-01,28544.70574229496,97.97426767860799
2023-11-02,28549.05875266681,97.98084517613952
2023-11-03,28553.40972623136,97.98741959600896
2023-11-04,28557.75866298884,97.99399093821665
2023-11-05,28562.105562939192,98.00055920276253
2023-11-06,28566.450426082418,98.00712438964659
2023-11-07,28570.7932524184,98.01368649886864
2023-11-08,28575.134041947254,98.02024553042887
2023-11-09,28579.47279466898,98.02680148432725
2023-11-10,28583.80951058364,98.0333543605639
2023-11-11,28588.144189690996,98.03990415913847
2023-11-12,28592.476831991167,98.04645088005113
2023-11-13,28596.807437484327,98.05299452330212
2023-11-14,28601.1360061703,98.05953508889121
2023-11-15,28605.462538049032,98.0660725768183
2023-11-16,28609.787033120636,98.07260698708356
2023-11-17,28614.10949138517,98.07913831968708
2023-11-18,28618.429912842577,98.08566657462876
2023-11-19,28622.748297492682,98.09219175190836
2023-11-20,28627.06464533572,98.09871385152621
2023-11-21,28631.378956371627,98.10523287348227
2023-11-22,28635.691230600292,98.11174881777629
2023-11-23,28640.00146802183,98.11826168440851
2023-11-24,28644.3096686363,98.12477147337897
2023-11-25,28648.615832443582,98.13127818468752
2023-11-26,28652.91995944362,98.13778181833408
2023-11-27,28657.222049636475,98.14428237431872
2023-11-28,28661.52210302232,98.1507798526417
2023-11-29,28665.820119600976,98.15727425330277
2023-11-30,28670.116099372448,98.16376557630193
2023-12-01,28674.410042336734,98.17025382163916
2023-12-02,28678.701948493894,98.17673898931459
2023-12-03,28682.991817843984,98.18322107932826
2023-12-04,28687.279650386772,98.18970009167985
2023-12-05,28691.565446122433,98.19617602636961
2023-12-06,28695.849205051025,98.20264888339764
2023-12-07,28700.13092717249,98.20911866276383
2023-12-08,28704.410612486652,98.21558536446793
2023-12-09,28708.688260993687,98.22204898851021
2023-12-10,28712.963872693712,98.22850953489083
2023-12-11,28717.237447586493,98.23496700360947
2023-12-12,28721.508985672088,98.24142139466618
2023-12-13,28725.778486950498,98.24787270806098
2023-12-14,28730.04595142184,98.25432094379403
2023-12-15,28734.31137908605,98.26076610186527
2023-12-16,28738.57476994302,98.26720818227449
2023-12-17,28742.836123992805,98.27364718502182
2023-12-18,28747.09544123558,98.28008311010748
2023-12-19,28751.352721671166,98.28651595753122
2023-12-20,28755.60796529951,98.29294572729296
2023-12-21,28759.86117212067,98.2993724193928
2023-12-22,28764.112342134817,98.30579603383099
2023-12-23,28768.36147534178,98.31221657060725
2023-12-24,28772.608571741497,98.31863402972152
2023-12-25,28776.85363133409,98.32504841117395
2023-12-26,28781.096654119552,98.33145971496457
2023-12-27,28785.337640097947,98.33786794109344
2023-12-28,28789.57658926904,98.34427308956023
2023-12-29,28793.813501633005,98.35067516036517
2023-12-30,28798.048377189843,98.35707415350831
2023-12-31,28802.281215939613,98.3634700689897
2024-01-01,28708.161,98.22125228517432
2024-01-02,28810.74078301742,98.37625266696648
2024-01-03,28814.96751134569,98.38263934946221
2024-01-04,28819.192202866834,98.38902295429611
2024-01-05,28823.414857580676,98.39540348146794
2024-01-06,28827.635475487506,98.4017809309781
2024-01-07,28831.85405658715,98.40815530282636
2024-01-08,28836.070600879553,98.41452659701261
2024-01-09,28840.285108364827,98.42089481353703
2024-01-10,28844.497579042974,98.42725995239962
2024-01-11,28848.708012914052,98.43362201360048
2024-01-12,28852.916409977828,98.43998099713926
2024-01-13,28857.122770234477,98.4463369030162
2024-01-14,28861.327093683998,98.45268973123132
2024-01-15,28865.52938032645,98.45903948178469
2024-01-16,28869.7296301616,98.46538615467598
2024-01-17,28873.927843189624,98.47172974990545
2024-01-18,28878.124019410578,98.47807026747316
2024-01-19,28882.318158824404,98.48440770737906
2024-01-20,28886.51026143093,98.49074206962287
2024-01-21,28890.700327230326,98.49707335420484
2024-01-22,28894.888356222655,98.50340156112509
2024-01-23,28899.074348407856,98.5097266903835
2024-01-24,28903.258303785813,98.51604874197992
2024-01-25,28907.440222356585,98.52236771591441
2024-01-26,28911.620104120288,98.52868361218717
2024-01-27,28915.797949076863,98.53499643079809
2024-01-28,28919.973757226195,98.54130617174701
2024-01-29,28924.14752856834,98.54761283503404
2024-01-30,28928.319263103476,98.55391642065939
2024-01-31,28932.488960831426,98.56021692862285
2024-02-01,28936.656621752074,98.5665143589242
2024-02-02,28940.822245865653,98.57280871156382
2024-02-03,28944.985833172104,98.57909998654162
2024-02-04,28949.147383671487,98.58538818385767
2024-02-05,28953.306897363567,98.59167330351164
2024-02-06,28957.464374248462,98.59795534550369
2024-02-07,28961.619814326346,98.60423430983408
2024-02-08,28965.773217597045,98.61051019650257
2024-02-09,28969.9245840605,98.61678300550906
2024-02-10,28974.073913716828,98.62305273685371
2024-02-11,28978.221206566086,98.62931939053664
2024-02-12,28982.36646260816,98.63558296655762
2024-02-13,28986.509681843047,98.64184346491672
2024-02-14,28990.65086427075,98.6481008856139
2024-02-15,28994.79000989138,98.65435522864932
2024-02-16,28998.92711870483,98.66060649402284
2024-02-17,29003.06219071109,98.66685468173445
2024-02-18,29007.195225910167,98.67309979178415
2024-02-19,29011.326224302175,98.6793418241721
2024-02-20,29015.455185886996,98.68558077889813
2024-02-21,29019.582110664633,98.69181665596226
2024-02-22,29023.7069986352,98.69804945536464
2024-02-23,29027.82984979858,98.70427917710512
2024-02-24,29031.95066415472,98.71050582118357
2024-02-25,29036.06944170373,98.71672938760022
2024-02-26,29040.186182445672,98.72294987635513
2024-02-27,29044.300886380428,98.72916728744812
2024-02-28,29048.41355350794,98.73538162087911
2024-02-29,29052.524183828325,98.74159287664827
2024-03-01,29056.63277734164,98.74780105475568
2024-03-02,29060.73933404783,98.75400615520128
2024-03-03,29064.843853946717,98.7602081779848
2024-03-04,29068.946337038476,98.76640712310646
2024-03-05,29073.046783323225,98.7726029905665
2024-03-06,29077.14519280073,98.7787957803645
2024-03-07,29081.24156547105,98.78498549250062
2024-03-08,29085.335901334183,98.79117212697483
2024-03-09,29089.428200390248,98.79735568378727
2024-03-10,29093.518462639186,98.80353616293792
2024-03-11,29097.60668808088,98.80971356442654
2024-03-12,29101.692876715388,98.81588788825326
2024-03-13,29105.777028542885,98.82205913441831
2024-03-14,29109.85914356314,98.82822730292136
2024-03-15,29113.939221776207,98.83439239376253
2024-03-16,29118.017263182148,98.84055440694183
2024-03-17,29122.09326778096,98.84671334245934
2024-03-18,29126.167235572648,98.852869200315
2024-03-19,29130.23916655709,98.85902198050866
2024-03-20,29134.309060734406,98.8651716830405
2024-03-21,29138.376918104652,98.8713183079106
2024-03-22,29142.442738667713,98.87746185511878
2024-03-23,29146.50652242353,98.88360232466496
2024-03-24,29150.56826937222,98.88973971654931
2024-03-25,29154.62797951384,98.89587403077194
2024-03-26,29158.685652848275,98.90200526733264
2024-03-27,29162.741289375466,98.90813342623133
2024-03-28,29166.79488909553,98.91425850746822
2024-03-29,29170.846452008525,98.92038051104333
2024-03-30,29174.895978114393,98.92649943695665
2024-03-31,29178.94346741296,98.93261528520787
2024-04-01,29147.044,98.88441446548947
2024-04-02,29187.032335588767,98.94483774872492
2024-04-03,29191.07371446601,98.95094436399074
2024-04-04,29195.11305653595,98.95704790159448
2024-04-05,29199.15036179882,98.96314836153647
2024-04-06,29203.185630254564,98.96924574381664
2024-04-07,29207.21886190318,98.97534004843499
2024-04-08,29211.250056744495,98.98143127539123
2024-04-09,29215.27921477874,98.98751942468576
2024-04-10,29219.306336005975,98.99360449631862
2024-04-11,29223.33142042585,98.9996864902893
2024-04-12,29227.354468038597,99.00576540659816
2024-04-13,29231.375478844275,99.01184124524528
2024-04-14,29235.394452842767,99.01791400623048
2024-04-15,29239.411390034074,99.02398368955377
2024-04-16,29243.426290418196,99.03005029521516
2024-04-17,29247.43915399525,99.0361138232148
2024-04-18,29251.449980765115,99.04217427355252
2024-04-19,29255.458770727797,99.04823164622833
2024-04-20,29259.465523883293,99.05428594124223
2024-04-21,29263.47024023172,99.0603371585944
2024-04-22,29267.47291977302,99.06638529828471
2024-04-23,29271.473562507075,99.07243036031304
2024-04-24,29275.472168433946,99.07847234467945
2024-04-25,29279.468737553805,99.08451125138421
2024-04-26,29283.46326986648,99.09054708042706
2024-04-27,29287.45576537185,99.09657983180782
2024-04-28,29291.446224070154,99.10260950552684
2024-04-29,29295.43464596133,99.10863610158404
2024-04-30,29299.421031045436,99.11465961997948
2024-05-01,29303.40537932224,99.12068006071286
2024-05-02,29307.38769079186,99.1266974237843
2024-05-03,29311.36796545447,99.1327117091941
2024-05-04,29315.34620330989,99.13872291694199
2024-05-05,29319.32240435807,99.14473104702786
2024-05-06,29323.296568599122,99.15073609945192
2024-05-07,29327.268696033105,99.15673807421423
2024-05-08,29331.238786659902,99.16273697131464
2024-05-09,29335.206840479455,99.16873279075304
2024-05-10,29339.17285749188,99.1747255325296
2024-05-11,29343.13683769724,99.18071519664444
2024-05-12,29347.09878109547,99.18670178309745
2024-05-13,29351.058687686396,99.19268529188837
2024-05-14,29355.016557470197,99.19866572301746
2024-05-15,29358.97239044693,99.20464307648481
2024-05-16,29362.926186616533,99.21061735229034
2024-05-17,29366.877945978835,99.21658855043377
2024-05-18,29370.82766853401,99.22255667091537
2024-05-19,29374.775354282174,99.22852171373533
2024-05-20,29378.721003223094,99.2344836788933
2024-05-21,29382.66461535683,99.24044256638933
2024-05-22,29386.60619068338,99.24639837622345
2024-05-23,29390.545729202917,99.25235110839594
2024-05-24,29394.48323091521,99.2583007629064
2024-05-25,29398.41869582032,99.26424733975497
2024-05-26,29402.352123918303,99.27019083894169
2024-05-27,29406.283515209274,99.27613126046677
2024-05-28,29410.212869692885,99.28206860432968
2024-05-29,29414.14018736937,99.28800287053076
2024-05-30,29418.065468238783,99.2939340590701
2024-05-31,29421.98871230107,99.2998621699476
2024-06-01,29425.909919556114,99.30578720316312
2024-06-02,29429.829090003972,99.31170915871671
2024-06-03,29433.74622364476,99.31762803660857
2024-06-04,29437.661320478423,99.3235438368386
2024-06-05,29441.574380504782,99.32945655940654
2024-06-06,29445.485403724073,99.33536620431273
2024-06-07,29449.394390136236,99.3412727715571
2024-06-08,29453.301339741272,99.34717626113965
2024-06-09,29457.206252539065,99.3530766730602
2024-06-10,29461.10912852967,99.35897400731884
2024-06-11,29465.009967713268,99.36486826391581
2024-06-12,29468.908770089678,99.37075944285087
2024-06-13,29472.805535658845,99.37664754412394
2024-06-14,29476.700264420826,99.3825325677351
2024-06-15,29480.592956375796,99.38841451368458
2024-06-16,29484.48361152358,99.39429338197218
2024-06-17,29488.372229864122,99.40016917259774
2024-06-18,29492.258811397536,99.4060418855615
2024-06-19,29496.14335612388,99.41191152086353
2024-06-20,29500.02586404304,99.41777807850363
2024-06-21,29503.906335154956,99.42364155848172
2024-06-22,29507.784769459744,99.42950196079799
2024-06-23,29511.661166957463,99.43535928545253
2024-06-24,29515.535527648055,99.44121353244523
2024-06-25,29519.407851531345,99.44706470177584
2024-06-26,29523.278138607508,99.45291279344464
2024-06-27,29527.1463888766,99.45875780745169
2024-06-28,29531.012602338567,99.46459974379692
2024-06-29,29534.87677899323,99.47043860248004
2024-06-30,29538.73891884077,99.47627438350136
2024-07-01,29511.664,99.43536356624415
2024-07-02,29546.457088114577,99.48793671255868
2024-07-03,29550.313117540674,99.49376326059442
2024-07-04,29554.167110159586,99.49958673096825
2024-07-05,29558.019065971428,99.50540712368033
2024-07-06,29561.868984976143,99.51122443873058
2024-07-07,29565.716867173614,99.51703867611884
2024-07-08,29569.5627125639,99.5228498358452
2024-07-09,29573.406521147175,99.52865791790988
2024-07-10,29577.248292923265,99.53446292231266
2024-07-11,29581.08802789211,99.54026484905344
2024-07-12,29584.92572605377,99.5460636981323
2024-07-13,29588.76138740842,99.5518594695495
2024-07-14,29592.595011955884,99.5576521633048
2024-07-15,29596.426599696104,99.56344177939809
2024-07-16,29600.256150629313,99.56922831782974
2024-07-17,29604.08366475528,99.57501177859939
2024-07-18,29607.90914207406,99.58079216170711
2024-07-19,29611.732582585653,99.58656946715291
2024-07-20,29615.553986290237,99.59234369493709
2024-07-21,29619.373353187635,99.59811484505933
2024-07-22,29623.19068327773,99.60388291751948
2024-07-23,29627.00597656076,99.60964791231791
2024-07-24,29630.81923303666,99.6154098294545
2024-07-25,29634.63045270543,99.62116866892926
2024-07-26,29638.43963556696,99.62692443074202
2024-07-27,29642.24678162136,99.63267711489296
2024-07-28,29646.051890868635,99.63842672138207
2024-07-29,29649.85496330884,99.64417325020943
2024-07-30,29653.655998941744,99.64991670137472
2024-07-31,29657.45499776746,99.65565707487809
2024-08-01,29661.25195978617,99.66139437071979
2024-08-02,29665.04688499769,99.6671285888996
2024-08-03,29668.839773402025,99.6728597294175
2024-08-04,29672.630624999118,99.67858779227336
2024-08-05,29676.4194397892,99.6843127774676
2024-08-06,29680.206217772153,99.690034685
2024-08-07,29683.990958947805,99.69575351487032
2024-08-08,29687.77366331633,99.7014692670788
2024-08-09,29691.554330877785,99.70718194162556
2024-08-10,29695.332961632113,99.71289153851049
2024-08-11,29699.10955557914,99.71859805773332
2024-08-12,29702.88411271904,99.72430149929434
2024-08-13,29706.656633051927,99.73000186319369
2024-08-14,29710.42711657757,99.73569914943104
2024-08-15,29714.19556329603,99.74139335800649
2024-08-16,29717.961973207304,99.74708448892001
2024-08-17,29721.72634631151,99.7527725421718
2024-08-18,29725.488682608586,99.75845751776176
2024-08-19,29729.24898209842,99.76413941568971
2024-08-20,29733.007244781067,99.76981823595575
2024-08-21,29736.763470656704,99.77549397856015
2024-08-22,29740.517659725156,99.78116664350263
2024-08-23,29744.269811986363,99.78683623078311
2024-08-24,29748.019927440386,99.79250274040166
2024-08-25,29751.768006087397,99.79816617235858
2024-08-26,29755.514047927223,99.80382652665358
2024-08-27,29759.258052959805,99.80948380328655
2024-08-28,29763.00002118526,99.81513800225773
2024-08-29,29766.739952603646,99.82078912356715
2024-08-30,29770.477847214846,99.82643716721466
2024-08-31,29774.213705018803,99.83208213320019
2024-09-01,29777.94752601569,99.83772402152397
2024-09-02,29781.67931020545,99.8433628321859
2024-09-03,29785.409057587967,99.84899856518585
2024-09-04,29789.1367681633,99.85463122052388
2024-09-05,29792.86244193162,99.86026079820026
2024-09-06,29796.586078892753,99.86588729821472
2024-09-07,29800.307679046644,99.87151072056719
2024-09-08,29804.02724239335,99.87713106525773
2024-09-09,29807.744768933044,99.88274833228662
2024-09-10,29811.460258665553,99.88836252165362
2024-09-11,29815.173711590818,99.8939736333586
2024-09-12,29818.885127708956,99.89958166740175
2024-09-13,29822.594507020025,99.90518662378315
2024-09-14,29826.30184952391,99.91078850250265
2024-09-15,29830.007155220548,99.91638730356016
2024-09-16,29833.71042411006,99.92198302695583
2024-09-17,29837.411656192504,99.92757567268976
2024-09-18,29841.11085146776,99.93316524076178
2024-09-19,29844.808009935834,99.93875173117188
2024-09-20,29848.50313159672,99.94433514392007
2024-09-21,29852.19621645054,99.94991547900652
2024-09-22,29855.88726449717,99.95549273643105
2024-09-23,29859.576275736617,99.96106691619369
2024-09-24,29863.26325016888,99.96663801829439
2024-09-25,29866.94818779407,99.97220604273335
2024-09-26,29870.631088612135,99.9777709895105
2024-09-27,29874.3119526229,99.98333285862554
2024-09-28,29877.990779826534,99.98889165007877
2024-09-29,29881.66757022316,99.99444736387034
2024-09-30,29885.342323812598,100.0
2024-10-01,29825.182,99.90909638443952
